Generation,fitness,metabolic_error,amount_of_dna,nb_coding_rnas,nb_non_coding_rnas,nb_functional_genes,nb_non_functional_genes,nb_mut,nb_switch
1,1.14162e-66,0.151839,5000,0.998047,15.999,0.998047,0,0.0527344,0.0527344
2,1.14109e-66,0.151839,5000,0.99707,15.9961,0.99707,0,0.046875,0.046875
3,1.14162e-66,0.151839,5000,0.998047,15.998,0.998047,0,0.0556641,0.0556641
4,2.83694e-61,0.15182,5000,0.99707,15.9932,0.99707,0,0.0527344,0.0527344
5,2.55324e-60,0.151678,5000,0.99707,15.9795,0.99707,0,0.0498047,0.0498047
6,7.09233e-60,0.151367,5000,0.99707,15.9688,0.99707,0,0.046875,0.046875
7,1.3901e-59,0.150912,5000,0.998047,15.9385,0.998047,0,0.0527344,0.0527344
8,2.29791e-59,0.150309,5000,0.995117,15.916,0.995117,0,0.0507812,0.0507812
9,3.43269e-59,0.149555,5000,0.992188,15.8828,0.992188,0,0.0517578,0.0517578
10,4.79441e-59,0.148646,5000,0.996094,15.8281,0.996094,0,0.0341797,0.0341797
11,6.38309e-59,0.147586,5000,0.998047,15.7764,0.998047,0,0.0498047,0.0498047
12,8.19873e-59,0.146375,5000,1,15.7041,1,0,0.0654297,0.0654297
13,1.02413e-58,0.145014,5000,1,15.6328,1,0,0.0566406,0.0566406
14,1.24825e-58,0.143522,5000,0.999023,15.5557,0.999023,0,0.0449219,0.0449219
15,1.50074e-58,0.141839,5000,1,15.4727,1,0,0.0556641,0.0556641
16,1.77026e-58,0.14003,5000,1,15.3818,1,0,0.0458984,0.0458984
17,2.06812e-58,0.138059,5000,1,15.2764,1,0,0.0664062,0.0664062
18,2.38302e-58,0.135962,5000,0.999023,15.1582,0.999023,0,0.0419922,0.0419922
19,2.72629e-58,0.133674,5000,1,15.04,1,0,0.0556641,0.0556641
20,2.90502e-58,0.132483,5000,1,14.9678,1,0,0.0498047,0.0498047
21,2.90502e-58,0.132483,5000,1,14.9648,1,0,0.0449219,0.0449219
22,2.90218e-58,0.132503,5000,0.999023,14.9551,0.999023,0,0.0527344,0.0527344
23,2.90502e-58,0.132483,5000,1,14.9678,1,0,0.0585938,0.0585938
24,2.90502e-58,0.132483,5000,1,14.9775,1,0,0.0419922,0.0419922
25,2.90218e-58,0.132503,5000,0.999023,14.9678,0.999023,0,0.0429688,0.0429688
26,2.90502e-58,0.132483,5000,1,14.959,1,0,0.0625,0.0625
27,2.90502e-58,0.132483,5000,1,14.957,1,0,0.0527344,0.0527344
28,2.90502e-58,0.132483,5000,1,14.9541,1,0,0.0546875,0.0546875
29,2.90502e-58,0.132483,5000,1,14.9453,1,0,0.0419922,0.0419922
30,2.90502e-58,0.132483,5000,1,14.9365,1,0,0.0546875,0.0546875
31,2.90502e-58,0.132483,5000,1,14.9375,1,0,0.0546875,0.0546875
32,2.90502e-58,0.132483,5000,1,14.9404,1,0,0.0478516,0.0478516
33,2.90502e-58,0.132483,5000,1,14.9404,1,0,0.0322266,0.0322266
34,2.90218e-58,0.132503,5000,0.999023,14.9375,0.999023,0,0.0537109,0.0537109
35,2.90218e-58,0.132503,5000,0.999023,14.9307,0.999023,0,0.0517578,0.0517578
36,2.89934e-58,0.132523,5000,0.998047,14.9287,0.998047,0,0.0517578,0.0517578
37,2.90502e-58,0.132483,5000,1,14.9385,1,0,0.0546875,0.0546875
38,2.90218e-58,0.132503,5000,0.999023,14.9482,0.999023,0,0.0419922,0.0419922
39,2.90502e-58,0.132483,5000,1,14.9678,1,0,0.0410156,0.0410156
40,2.90502e-58,0.132483,5000,1,14.9756,1,0,0.0527344,0.0527344
41,2.90502e-58,0.132483,5000,1,14.9785,1,0,0.0585938,0.0585938
42,2.90502e-58,0.132483,5000,1,14.9824,1,0,0.0429688,0.0429688
43,2.90502e-58,0.132483,5000,1,14.9854,1,0,0.0615234,0.0615234
44,2.90502e-58,0.132483,5000,1,14.9951,1,0,0.0488281,0.0488281
45,2.90218e-58,0.132503,5000,0.999023,14.9971,0.999023,0,0.0498047,0.0498047
46,2.90502e-58,0.132483,5000,1,15.002,1,0,0.0605469,0.0605469
47,2.89934e-58,0.132523,5000,0.998047,15.0068,0.998047,0,0.0703125,0.0703125
48,2.90502e-58,0.132483,5000,1,15.0039,1,0,0.0498047,0.0498047
49,2.90502e-58,0.132483,5000,1,15.0039,1,0,0.0537109,0.0537109
50,2.90502e-58,0.132483,5000,1,15.0029,1,0,0.0507812,0.0507812
51,2.90502e-58,0.132483,5000,1,15.0059,1,0,0.0498047,0.0498047
52,2.90502e-58,0.132483,5000,1,15.001,1,0,0.0673828,0.0673828
53,2.90502e-58,0.132483,5000,1,14.9922,1,0,0.0566406,0.0566406
54,2.90218e-58,0.132503,5000,1,15.001,0.999023,0.000976562,0.0605469,0.0605469
55,2.89935e-58,0.132508,5000,0.999023,14.9824,0.999023,0,0.0429688,0.0429688
56,2.90218e-58,0.132503,5000,1,14.9678,0.999023,0.000976562,0.0556641,0.0556641
57,2.89934e-58,0.132523,5000,0.998047,14.9629,0.998047,0,0.0654297,0.0654297
58,2.90502e-58,0.132483,5000,1,14.9521,1,0,0.0527344,0.0527344
59,2.90502e-58,0.132483,5000,1,14.9355,1,0,0.0605469,0.0605469
60,2.90502e-58,0.132483,5000,1,14.9219,1,0,0.0439453,0.0439453
61,2.90502e-58,0.132483,5000,1,14.9219,1,0,0.0517578,0.0517578
62,2.90218e-58,0.132497,5000,1,14.9229,1,0,0.0390625,0.0390625
63,2.90502e-58,0.132483,5000,1,14.9189,1,0,0.0556641,0.0556641
64,2.90502e-58,0.132483,5000,1,14.9131,1,0,0.0439453,0.0439453
65,2.90502e-58,0.132483,5000,1,14.9219,1,0,0.0556641,0.0556641
66,2.90502e-58,0.132483,5000,1,14.915,1,0,0.0390625,0.0390625
67,2.90502e-58,0.132483,5000,1,14.9219,1,0,0.0449219,0.0449219
68,2.90502e-58,0.132483,5000,1,14.918,1,0,0.0488281,0.0488281
69,2.90502e-58,0.132483,5000,1,14.9199,1,0,0.0498047,0.0498047
70,2.89934e-58,0.132523,5000,0.998047,14.9219,0.998047,0,0.0673828,0.0673828
71,2.90502e-58,0.132483,5000,1,14.9053,1,0,0.0419922,0.0419922
72,2.90218e-58,0.132503,5000,0.999023,14.917,0.999023,0,0.0605469,0.0605469
73,2.90502e-58,0.132483,5000,1,14.9141,1,0,0.0507812,0.0507812
74,2.90502e-58,0.132483,5000,1,14.8926,1,0,0.0449219,0.0449219
75,2.90502e-58,0.132483,5000,1,14.8818,1,0,0.0380859,0.0380859
76,2.90218e-58,0.132503,5000,1,14.8926,0.999023,0.000976562,0.0527344,0.0527344
77,2.90502e-58,0.132483,5000,1,14.9111,1,0,0.046875,0.046875
78,2.89934e-58,0.132523,5000,0.998047,14.9121,0.998047,0,0.0458984,0.0458984
79,2.90218e-58,0.132503,5000,0.999023,14.9248,0.999023,0,0.0400391,0.0400391
80,2.90502e-58,0.132483,5000,1,14.9375,1,0,0.0390625,0.0390625
81,2.90502e-58,0.132483,5000,1,14.9512,1,0,0.0537109,0.0537109
82,2.90502e-58,0.132483,5000,1,14.9492,1,0,0.0498047,0.0498047
83,2.90502e-58,0.132483,5000,1,14.9365,1,0,0.0517578,0.0517578
84,2.89934e-58,0.132523,5000,0.998047,14.9453,0.998047,0,0.0537109,0.0537109
85,2.90502e-58,0.132483,5000,1,14.959,1,0,0.0566406,0.0566406
86,2.90218e-58,0.132503,5000,0.999023,14.9648,0.999023,0,0.0410156,0.0410156
87,2.89934e-58,0.132522,5000,0.999023,14.9746,0.999023,0,0.0517578,0.0517578
88,2.90502e-58,0.132483,5000,1,14.9854,1,0,0.0566406,0.0566406
89,2.90502e-58,0.132483,5000,1,15.0039,1,0,0.0498047,0.0498047
90,2.90218e-58,0.132503,5000,0.999023,15.0049,0.999023,0,0.0527344,0.0527344
91,2.90502e-58,0.132483,5000,1,14.9795,1,0,0.046875,0.046875
92,2.90502e-58,0.132483,5000,1,14.9814,1,0,0.0546875,0.0546875
93,2.90218e-58,0.132503,5000,0.999023,15.0088,0.999023,0,0.0546875,0.0546875
94,2.90218e-58,0.132503,5000,0.999023,15,0.999023,0,0.0644531,0.0644531
95,2.90218e-58,0.132503,5000,0.999023,14.9775,0.999023,0,0.0537109,0.0537109
96,2.90502e-58,0.132483,5000,1,14.959,1,0,0.0458984,0.0458984
97,2.90218e-58,0.132503,5000,0.999023,14.9512,0.999023,0,0.0332031,0.0332031
98,2.90502e-58,0.132483,5000,1,14.9551,1,0,0.0527344,0.0527344
99,2.90502e-58,0.132483,5000,1,14.959,1,0,0.0478516,0.0478516
100,2.90502e-58,0.132483,5000,1,14.9473,1,0,0.0488281,0.0488281
101,2.90218e-58,0.132503,5000,0.999023,14.9395,0.999023,0,0.0556641,0.0556641
102,2.90218e-58,0.132503,5000,0.999023,14.9385,0.999023,0,0.0429688,0.0429688
103,2.90502e-58,0.132483,5000,1,14.9199,1,0,0.0498047,0.0498047
104,2.90218e-58,0.132503,5000,0.999023,14.9258,0.999023,0,0.0585938,0.0585938
105,2.90218e-58,0.132503,5000,0.999023,14.9072,0.999023,0,0.0351562,0.0351562
106,2.90502e-58,0.132483,5000,1,14.915,1,0,0.0361328,0.0361328
107,1.4472e-54,0.132488,5000,0.999023,14.9346,0.999023,0,0.0517578,0.0517578
108,1.30225e-53,0.132348,5000,1,14.9639,1,0,0.0625,0.0625
109,3.61731e-53,0.132106,5000,1,14.9551,1,0,0.0488281,0.0488281
110,7.08991e-53,0.131744,5000,1,14.9688,1,0,0.0410156,0.0410156
111,1.172e-52,0.131262,5000,1,14.9678,1,0,0.0693359,0.0693359
112,1.75077e-52,0.130678,5000,0.999023,15.0029,0.999023,0,0.0517578,0.0517578
113,2.44529e-52,0.129934,5000,1,15.0068,1,0,0.0576172,0.0576172
114,3.25556e-52,0.12909,5000,1,15.0264,1,0,0.0341797,0.0341797
115,4.18159e-52,0.128125,5000,1,15.0342,1,0,0.0537109,0.0537109
116,5.22336e-52,0.127039,5000,1,15.0508,1,0,0.0507812,0.0507812
117,6.38089e-52,0.125832,5000,1,15.0576,1,0,0.0507812,0.0507812
118,7.65418e-52,0.124505,5000,1,15.0664,1,0,0.0605469,0.0605469
119,9.04322e-52,0.123076,5000,0.999023,15.0654,0.999023,0,0.0595703,0.0595703
120,1.0548e-51,0.121508,5000,0.999023,15.0527,0.999023,0,0.0556641,0.0556641
121,1.21396e-51,0.119868,5000,0.998047,15.0254,0.998047,0,0.0527344,0.0527344
122,1.39048e-51,0.117989,5000,1,15.0107,1,0,0.0400391,0.0400391
123,1.48019e-51,0.117054,5000,1,15.0068,1,0,0.0507812,0.0507812
124,1.48164e-51,0.117039,5000,1,15.0039,1,0,0.0517578,0.0517578
125,1.47875e-51,0.117108,5000,0.998047,15.001,0.998047,0,0.0566406,0.0566406
126,1.48019e-51,0.117073,5000,0.999023,14.9971,0.999023,0,0.0390625,0.0390625
127,1.48164e-51,0.117039,5000,1,14.998,1,0,0.0458984,0.0458984
128,1.47875e-51,0.117088,5000,0.999023,14.9873,0.999023,0,0.0595703,0.0595703
129,1.48164e-51,0.117039,5000,1,14.9814,1,0,0.0410156,0.0410156
130,1.48164e-51,0.117039,5000,1,14.9912,1,0,0.0449219,0.0449219
131,1.48019e-51,0.117054,5000,1,14.9814,1,0,0.046875,0.046875
132,1.48019e-51,0.117054,5000,1,14.9834,1,0,0.046875,0.046875
133,1.48164e-51,0.117039,5000,1,14.9766,1,0,0.0439453,0.0439453
134,1.48164e-51,0.117039,5000,1,14.9727,1,0,0.0507812,0.0507812
135,1.48019e-51,0.117073,5000,0.999023,14.9697,0.999023,0,0.0527344,0.0527344
136,1.48164e-51,0.117039,5000,1,14.9648,1,0,0.0498047,0.0498047
137,1.48019e-51,0.117073,5000,0.999023,14.9648,0.999023,0,0.0576172,0.0576172
138,1.48164e-51,0.117039,5000,1,14.9668,1,0,0.0458984,0.0458984
139,1.48164e-51,0.117039,5000,1,14.9639,1,0,0.0507812,0.0507812
140,1.48164e-51,0.117039,5000,1,14.9541,1,0,0.0517578,0.0517578
141,1.48164e-51,0.117039,5000,1,14.9463,1,0,0.0673828,0.0673828
142,1.48164e-51,0.117039,5000,1,14.9482,1,0,0.0527344,0.0527344
143,1.48164e-51,0.117039,5000,1,14.9434,1,0,0.0380859,0.0380859
144,1.48019e-51,0.117073,5000,0.999023,14.9434,0.999023,0,0.0488281,0.0488281
145,1.48164e-51,0.117039,5000,1,14.9473,1,0,0.0410156,0.0410156
146,1.48019e-51,0.117073,5000,0.999023,14.9463,0.999023,0,0.0585938,0.0585938
147,1.48164e-51,0.117039,5000,1,14.9473,1,0,0.0458984,0.0458984
148,1.48164e-51,0.117039,5000,1,14.9326,1,0,0.0537109,0.0537109
149,1.48019e-51,0.117073,5000,0.999023,14.9238,0.999023,0,0.0517578,0.0517578
150,1.48164e-51,0.117039,5000,1,14.917,1,0,0.0478516,0.0478516
151,1.48164e-51,0.117039,5000,1,14.9092,1,0,0.0429688,0.0429688
152,1.48019e-51,0.117073,5000,0.999023,14.9023,0.999023,0,0.0498047,0.0498047
153,1.48019e-51,0.117054,5000,1,14.8916,1,0,0.0429688,0.0429688
154,1.47875e-51,0.117108,5000,0.998047,14.9023,0.998047,0,0.046875,0.046875
155,1.48075e-51,0.11704,5000,1,14.8965,1,0,0.0507812,0.0507812
156,1.48164e-51,0.117039,5000,1,14.8916,1,0,0.0498047,0.0498047
157,1.48164e-51,0.117039,5000,1,14.8828,1,0,0.0556641,0.0556641
158,1.48019e-51,0.117054,5000,1,14.8857,1,0,0.0556641,0.0556641
159,1.48164e-51,0.117039,5000,1,14.8838,1,0,0.0507812,0.0507812
160,1.48164e-51,0.117039,5000,1,14.8789,1,0,0.0429688,0.0429688
161,1.48019e-51,0.117054,5000,1,14.877,1,0,0.0498047,0.0498047
162,1.48164e-51,0.117039,5000,1,14.8545,1,0,0.0546875,0.0546875
163,1.48164e-51,0.117039,5000,1,14.8516,1,0,0.0498047,0.0498047
164,1.48164e-51,0.117039,5000,1,14.8555,1,0,0.0488281,0.0488281
165,1.48164e-51,0.117039,5000,1,14.8691,1,0,0.046875,0.046875
166,1.47985e-51,0.117041,5000,1,14.8691,1,0,0.0488281,0.0488281
167,1.48075e-51,0.11704,5000,1,14.8682,1,0,0.0537109,0.0537109
168,1.48075e-51,0.11704,5000,1,14.8516,1,0,0.0566406,0.0566406
169,1.48019e-51,0.117073,5000,0.999023,14.8457,0.999023,0,0.0527344,0.0527344
170,1.47875e-51,0.117088,5000,1,14.8408,0.999023,0.000976562,0.0449219,0.0449219
171,1.48019e-51,0.117073,5000,0.999023,14.834,0.999023,0,0.0478516,0.0478516
172,1.48164e-51,0.117039,5000,1,14.8701,1,0,0.0371094,0.0371094
173,1.48164e-51,0.117039,5000,1,14.8779,1,0,0.0673828,0.0673828
174,1.48019e-51,0.117061,5000,1,14.8975,1,0,0.0390625,0.0390625
175,1.48164e-51,0.117039,5000,1,14.918,1,0,0.0488281,0.0488281
176,1.48019e-51,0.117054,5000,1,14.9121,1,0,0.0507812,0.0507812
177,1.4793e-51,0.117074,5000,1,14.9209,1,0.000976562,0.0478516,0.0478516
178,1.48019e-51,0.117073,5000,0.999023,14.9297,0.999023,0,0.0498047,0.0498047
179,1.48164e-51,0.117039,5000,1,14.9443,1,0,0.0458984,0.0458984
180,1.48164e-51,0.117039,5000,1,14.9199,1,0,0.0556641,0.0556641
181,1.4793e-51,0.117074,5000,0.999023,14.9082,0.999023,0,0.0507812,0.0507812
182,1.47641e-51,0.117104,5000,0.999023,14.915,0.999023,0,0.0458984,0.0458984
183,1.4793e-51,0.117055,5000,1,14.9297,1,0,0.0576172,0.0576172
184,1.4784e-51,0.117075,5000,1,14.9258,0.999023,0.000976562,0.0527344,0.0527344
185,1.4793e-51,0.117055,5000,1,14.9443,1,0,0.0576172,0.0576172
186,1.48075e-51,0.11704,5000,1,14.96,1,0,0.0429688,0.0429688
187,1.48164e-51,0.117039,5000,1,14.9629,1,0,0.0488281,0.0488281
188,1.48164e-51,0.117039,5000,1,14.9297,1,0,0.0537109,0.0537109
189,1.48019e-51,0.117054,5000,1,14.9307,1,0,0.0449219,0.0449219
190,1.48164e-51,0.117039,5000,1,14.9453,1,0,0.0498047,0.0498047
191,1.48164e-51,0.117039,5000,1,14.9658,1,0,0.0517578,0.0517578
192,1.48164e-51,0.117039,5000,1,14.958,1,0,0.0478516,0.0478516
193,1.48164e-51,0.117039,5000,1,14.9375,1,0,0.0449219,0.0449219
194,1.4773e-51,0.117103,5000,0.999023,14.9414,0.999023,0,0.0595703,0.0595703
195,1.48164e-51,0.117039,5000,1,14.9375,1,0,0.0498047,0.0498047
196,1.48164e-51,0.117039,5000,1,14.9355,1,0,0.0488281,0.0488281
197,1.48164e-51,0.117039,5000,1,14.9111,1,0,0.03125,0.03125
198,1.48164e-51,0.117039,5000,1,14.8994,1,0,0.0527344,0.0527344
199,1.48019e-51,0.117073,5000,0.999023,14.8916,0.999023,0,0.0449219,0.0449219
200,1.47875e-51,0.117108,5000,0.998047,14.9092,0.998047,0,0.0654297,0.0654297
201,1.48164e-51,0.117039,5000,1,14.9189,1,0,0.0517578,0.0517578
202,1.48019e-51,0.117073,5000,0.999023,14.916,0.999023,0,0.0585938,0.0585938
203,1.48164e-51,0.117039,5000,1,14.9229,1,0,0.0517578,0.0517578
204,1.48164e-51,0.117039,5000,1,14.9355,1,0,0.0498047,0.0498047
205,1.48164e-51,0.117039,5000,1,14.9141,1,0,0.0507812,0.0507812
206,1.48164e-51,0.117039,5000,1,14.8896,1,0,0.0488281,0.0488281
207,1.48019e-51,0.117054,5000,1,14.8809,1,0,0.0585938,0.0585938
208,1.48164e-51,0.117039,5000,1,14.8799,1,0,0.0566406,0.0566406
209,1.48019e-51,0.117073,5000,0.999023,14.8916,0.999023,0,0.0546875,0.0546875
210,1.48019e-51,0.117054,5000,1,14.9121,1,0,0.0625,0.0625
211,1.48019e-51,0.117073,5000,1,14.8838,0.999023,0.000976562,0.0498047,0.0498047
212,1.48164e-51,0.117039,5000,1,14.877,1,0,0.0507812,0.0507812
213,1.48164e-51,0.117039,5000,1,14.8848,1,0,0.0400391,0.0400391
214,1.48019e-51,0.117054,5000,1,14.8701,1,0,0.0488281,0.0488281
215,1.48164e-51,0.117039,5000,1,14.873,1,0,0.0419922,0.0419922
216,1.48164e-51,0.117039,5000,1,14.8398,1,0,0.0605469,0.0605469
217,1.48019e-51,0.117054,5000,1,14.8467,1,0,0.0488281,0.0488281
218,1.48164e-51,0.117039,5000,1,14.8711,1,0,0.0517578,0.0517578
219,1.48019e-51,0.117073,5000,0.999023,14.8701,0.999023,0,0.0605469,0.0605469
220,1.48164e-51,0.117039,5000,1,14.9014,1,0,0.0644531,0.0644531
221,1.47875e-51,0.117069,5000,1,14.9043,1,0,0.0371094,0.0371094
222,1.48164e-51,0.117039,5000,1,14.9004,1,0,0.0380859,0.0380859
223,1.48164e-51,0.117039,5000,1,14.873,1,0,0.0498047,0.0498047
224,1.48019e-51,0.117073,5000,0.999023,14.8779,0.999023,0,0.0517578,0.0517578
225,1.4773e-51,0.117151,5000,0.998047,14.8838,0.998047,0,0.0419922,0.0419922
226,1.48019e-51,0.117073,5000,0.999023,14.8623,0.999023,0,0.0458984,0.0458984
227,1.48164e-51,0.117039,5000,1,14.8516,1,0,0.0458984,0.0458984
228,1.48164e-51,0.117039,5000,1,14.8369,1,0,0.0478516,0.0478516
229,1.48164e-51,0.117039,5000,1,14.8408,1,0,0.0546875,0.0546875
230,1.48019e-51,0.117073,5000,0.999023,14.8379,0.999023,0,0.0439453,0.0439453
231,1.48019e-51,0.117054,5000,1,14.8369,1,0,0.0546875,0.0546875
232,1.48019e-51,0.117073,5000,0.999023,14.8672,0.999023,0,0.0410156,0.0410156
233,1.48019e-51,0.117067,5000,1,14.8809,1,0,0.0634766,0.0634766
234,1.48019e-51,0.117073,5000,0.999023,14.8926,0.999023,0,0.0527344,0.0527344
235,1.47875e-51,0.117088,5000,0.999023,14.8818,0.999023,0,0.0488281,0.0488281
236,1.48164e-51,0.117039,5000,1,14.8838,1,0,0.0478516,0.0478516
237,1.47875e-51,0.117088,5000,0.999023,14.875,0.999023,0,0.0478516,0.0478516
238,1.48164e-51,0.117039,5000,1,14.8828,1,0,0.0498047,0.0498047
239,1.48019e-51,0.117073,5000,0.999023,14.8721,0.999023,0,0.0458984,0.0458984
240,1.48164e-51,0.117039,5000,1,14.8877,1,0,0.046875,0.046875
241,1.48164e-51,0.117039,5000,1,14.8877,1,0,0.0517578,0.0517578
242,1.48019e-51,0.117054,5000,1,14.915,1,0,0.0605469,0.0605469
243,1.48164e-51,0.117039,5000,1,14.8984,1,0,0.0419922,0.0419922
244,1.48164e-51,0.117039,5000,1,14.9092,1,0,0.0439453,0.0439453
245,1.48164e-51,0.117039,5000,1,14.9102,1,0,0.0517578,0.0517578
246,1.48019e-51,0.117073,5000,1,14.9404,1,0.000976562,0.0517578,0.0517578
247,1.48075e-51,0.11704,5000,1,14.9082,1,0,0.046875,0.046875
248,1.48164e-51,0.117039,5000,1,14.9023,1,0,0.0478516,0.0478516
249,1.47875e-51,0.117069,5000,1,14.8926,1,0,0.0566406,0.0566406
250,1.48164e-51,0.117039,5000,1,14.8682,1,0,0.0371094,0.0371094
251,1.48019e-51,0.117054,5000,1,14.8379,1,0,0.0507812,0.0507812
252,1.48164e-51,0.117039,5000,1,14.8037,1,0,0.0537109,0.0537109
253,1.48164e-51,0.117039,5000,1,14.7725,1,0,0.0488281,0.0488281
254,1.48019e-51,0.117073,5000,0.999023,14.7656,0.999023,0,0.0527344,0.0527344
255,1.48164e-51,0.117039,5000,1,14.792,1,0,0.0654297,0.0654297
256,1.47875e-51,0.117088,5000,0.999023,14.7441,0.999023,0,0.0498047,0.0498047
257,1.48075e-51,0.11704,5000,1,14.7656,1,0,0.0507812,0.0507812
258,1.48164e-51,0.117039,5000,1,14.7764,1,0,0.0566406,0.0566406
259,1.48019e-51,0.117073,5000,0.999023,14.7676,0.999023,0,0.0517578,0.0517578
260,1.48164e-51,0.117039,5000,1,14.752,1,0,0.0566406,0.0566406
261,1.48164e-51,0.117039,5000,1,14.748,1,0,0.0488281,0.0488281
262,1.48019e-51,0.117054,5000,1,14.7422,1,0,0.0458984,0.0458984
263,1.48019e-51,0.117073,5000,0.999023,14.7393,0.999023,0,0.0595703,0.0595703
264,1.48164e-51,0.117039,5000,1,14.7559,1,0,0.0478516,0.0478516
265,1.48019e-51,0.117073,5000,0.999023,14.7598,0.999023,0,0.0625,0.0625
266,1.47875e-51,0.117088,5000,0.999023,14.7412,0.999023,0,0.046875,0.046875
267,1.47875e-51,0.117095,5000,0.999023,14.7598,0.999023,0,0.046875,0.046875
268,1.48164e-51,0.117039,5000,1,14.7314,1,0,0.0429688,0.0429688
269,1.48019e-51,0.117073,5000,1,14.75,0.999023,0.000976562,0.0527344,0.0527344
270,1.48019e-51,0.117054,5000,1,14.7334,1,0,0.0458984,0.0458984
271,1.48019e-51,0.117054,5000,1,14.7275,1,0,0.0537109,0.0537109
272,1.48019e-51,0.117054,5000,1,14.7236,1,0,0.0585938,0.0585938
273,1.48164e-51,0.117039,5000,1,14.7422,1,0,0.0429688,0.0429688
274,1.48164e-51,0.117039,5000,1,14.7334,1,0,0.0537109,0.0537109
275,1.48164e-51,0.117039,5000,1,14.748,1,0,0.0439453,0.0439453
276,1.48019e-51,0.117073,5000,0.999023,14.7656,0.999023,0,0.0400391,0.0400391
277,1.48164e-51,0.117039,5000,1,14.7695,1,0,0.0478516,0.0478516
278,1.48164e-51,0.117039,5000,1,14.7842,1,0,0.0517578,0.0517578
279,1.48164e-51,0.117039,5000,1,14.8086,1,0,0.0546875,0.0546875
280,1.48164e-51,0.117039,5000,1,14.8154,1,0,0.0410156,0.0410156
281,1.47875e-51,0.117116,5000,0.999023,14.8086,0.999023,0,0.0400391,0.0400391
282,1.48019e-51,0.117054,5000,1,14.8086,1,0,0.0556641,0.0556641
283,1.4793e-51,0.117074,5000,1,14.7637,0.999023,0.000976562,0.0527344,0.0527344
284,1.48164e-51,0.117039,5000,1,14.7588,1,0,0.0517578,0.0517578
285,1.48019e-51,0.117073,5000,1,14.7158,0.999023,0.000976562,0.0556641,0.0556641
286,1.48164e-51,0.117039,5000,1,14.6953,1,0,0.0419922,0.0419922
287,1.48019e-51,0.117073,5000,0.999023,14.7061,0.999023,0,0.0419922,0.0419922
288,1.48164e-51,0.117039,5000,1,14.6982,1,0,0.0478516,0.0478516
289,1.48164e-51,0.117039,5000,1,14.7109,1,0,0.0488281,0.0488281
290,1.48164e-51,0.117039,5000,1,14.7012,1,0,0.0517578,0.0517578
291,1.48164e-51,0.117039,5000,1,14.7236,1,0,0.0449219,0.0449219
292,1.48164e-51,0.117039,5000,1,14.7275,1,0,0.0488281,0.0488281
293,1.48019e-51,0.117073,5000,1,14.7598,0.999023,0.000976562,0.0371094,0.0371094
294,1.48019e-51,0.117054,5000,1,14.7607,1,0,0.0449219,0.0449219
295,1.48164e-51,0.117039,5000,1,14.7568,1,0,0.0488281,0.0488281
296,1.48164e-51,0.117039,5000,1,14.751,1,0,0.0498047,0.0498047
297,1.48164e-51,0.117039,5000,1,14.7461,1,0,0.0458984,0.0458984
298,1.48164e-51,0.117039,5000,1,14.7471,1,0,0.0517578,0.0517578
299,1.48019e-51,0.117073,5000,0.999023,14.7793,0.999023,0,0.0419922,0.0419922
300,1.48164e-51,0.117039,5000,1,14.7891,1,0,0.0322266,0.0322266
301,1.48164e-51,0.117039,5000,1,14.8252,1,0,0.0410156,0.0410156
302,1.48164e-51,0.117039,5000,1,14.8105,1,0,0.0429688,0.0429688
303,1.48164e-51,0.117039,5000,1,14.8311,1,0,0.0556641,0.0556641
304,1.48164e-51,0.117039,5000,1,14.8652,1,0,0.046875,0.046875
305,1.48164e-51,0.117039,5000,1,14.9043,1,0,0.0458984,0.0458984
306,1.48164e-51,0.117039,5000,1,14.9092,1,0,0.0556641,0.0556641
307,1.48164e-51,0.117039,5000,1,14.876,1,0,0.0546875,0.0546875
308,1.48164e-51,0.117039,5000,1,14.877,1,0,0.0566406,0.0566406
309,1.48019e-51,0.117054,5000,1,14.9219,1,0,0.046875,0.046875
310,1.48164e-51,0.117039,5000,1,14.9277,1,0,0.0458984,0.0458984
311,1.48164e-51,0.117039,5000,1,14.9531,1,0,0.0507812,0.0507812
312,1.48164e-51,0.117039,5000,1,14.9932,1,0,0.0537109,0.0537109
313,1.48019e-51,0.117073,5000,1,15.0039,0.999023,0.000976562,0.0566406,0.0566406
314,1.48164e-51,0.117039,5000,1,14.9893,1,0,0.046875,0.046875
315,1.48164e-51,0.117039,5000,1,14.957,1,0,0.0507812,0.0507812
316,1.48019e-51,0.117073,5000,0.999023,14.9795,0.999023,0,0.0507812,0.0507812
317,1.48019e-51,0.117054,5000,1,14.9863,1,0,0.0488281,0.0488281
318,1.48164e-51,0.117039,5000,1,14.9941,1,0,0.0439453,0.0439453
319,1.48164e-51,0.117039,5000,1,15.0146,1,0,0.0429688,0.0429688
320,1.48019e-51,0.117068,5000,1,14.9971,1,0,0.0498047,0.0498047
321,1.48164e-51,0.117039,5000,1,15.0205,1,0,0.0556641,0.0556641
322,1.47875e-51,0.117083,5000,1,14.9746,1,0,0.0605469,0.0605469
323,1.48164e-51,0.117039,5000,1,15.0078,1,0,0.0478516,0.0478516
324,1.48164e-51,0.117039,5000,1,15.0166,1,0,0.0537109,0.0537109
325,1.48164e-51,0.117039,5000,1,14.9941,1,0,0.0673828,0.0673828
326,1.48075e-51,0.11704,5000,1,14.9805,1,0,0.0527344,0.0527344
327,1.47875e-51,0.117069,5000,1,15.0039,1,0,0.0605469,0.0605469
328,1.48019e-51,0.117073,5000,0.999023,14.9971,0.999023,0,0.0605469,0.0605469
329,1.47875e-51,0.117108,5000,0.999023,14.9893,0.998047,0.000976562,0.0517578,0.0517578
330,1.47875e-51,0.117088,5000,0.999023,14.9824,0.999023,0,0.0498047,0.0498047
331,1.48019e-51,0.117073,5000,0.999023,14.9717,0.999023,0,0.0703125,0.0703125
332,1.47875e-51,0.117108,5000,0.998047,14.9551,0.998047,0,0.0488281,0.0488281
333,1.48019e-51,0.117073,5000,0.999023,14.9551,0.999023,0,0.0585938,0.0585938
334,1.48164e-51,0.117039,5000,1,14.9287,1,0,0.0478516,0.0478516
335,1.48019e-51,0.117073,5000,1,14.9375,0.999023,0.000976562,0.0517578,0.0517578
336,1.48019e-51,0.117073,5000,0.999023,14.9062,0.999023,0,0.0537109,0.0537109
337,1.48164e-51,0.117039,5000,1,14.9355,1,0,0.0556641,0.0556641
338,1.48075e-51,0.11704,5000,1,14.9062,1,0,0.0605469,0.0605469
339,1.4793e-51,0.117074,5000,0.999023,14.918,0.999023,0,0.0566406,0.0566406
340,1.47985e-51,0.117041,5000,1,14.918,1,0,0.0488281,0.0488281
341,1.48164e-51,0.117039,5000,1,14.9453,1,0,0.0478516,0.0478516
342,1.48164e-51,0.117039,5000,1,14.9414,1,0,0.0517578,0.0517578
343,1.48164e-51,0.117039,5000,1,14.9141,1,0,0.0439453,0.0439453
344,1.48164e-51,0.117039,5000,1,14.8994,1,0,0.0576172,0.0576172
345,1.47875e-51,0.117069,5000,1,14.8672,1,0,0.0693359,0.0693359
346,1.48164e-51,0.117039,5000,1,14.8447,1,0,0.0644531,0.0644531
347,1.48164e-51,0.117039,5000,1,14.8662,1,0,0.0361328,0.0361328
348,1.48164e-51,0.117039,5000,1,14.8477,1,0,0.0517578,0.0517578
349,1.48164e-51,0.117039,5000,1,14.8818,1,0,0.0527344,0.0527344
350,1.48019e-51,0.117054,5000,1,14.8643,1,0,0.0527344,0.0527344
351,1.48164e-51,0.117039,5000,1,14.8633,1,0,0.0488281,0.0488281
352,1.48164e-51,0.117039,5000,1,14.8457,1,0,0.0478516,0.0478516
353,1.47875e-51,0.117088,5000,0.999023,14.8154,0.999023,0,0.0605469,0.0605469
354,1.47585e-51,0.117158,5000,0.998047,14.8311,0.99707,0.000976562,0.0537109,0.0537109
355,1.48164e-51,0.117039,5000,1,14.8379,1,0,0.0566406,0.0566406
356,1.48164e-51,0.117039,5000,1,14.8477,1,0,0.0488281,0.0488281
357,1.48164e-51,0.117039,5000,1,14.8506,1,0,0.0517578,0.0517578
358,1.48164e-51,0.117039,5000,1,14.8643,1,0,0.0576172,0.0576172
359,1.48164e-51,0.117039,5000,1,14.833,1,0,0.0351562,0.0351562
360,1.48019e-51,0.117073,5000,0.999023,14.834,0.999023,0,0.0546875,0.0546875
361,1.48164e-51,0.117039,5000,1,14.8115,1,0,0.0400391,0.0400391
362,1.48019e-51,0.117073,5000,1,14.8145,0.999023,0.000976562,0.0566406,0.0566406
363,1.48164e-51,0.117039,5000,1,14.7979,1,0,0.0478516,0.0478516
364,1.48164e-51,0.117039,5000,1,14.8154,1,0,0.0517578,0.0517578
365,1.48164e-51,0.117039,5000,1,14.8604,1,0,0.0546875,0.0546875
366,1.48164e-51,0.117039,5000,1,14.8721,1,0,0.0410156,0.0410156
367,1.47875e-51,0.117108,5000,0.998047,14.8867,0.998047,0,0.0585938,0.0585938
368,1.48164e-51,0.117039,5000,1,14.8691,1,0,0.0449219,0.0449219
369,1.48019e-51,0.117073,5000,0.999023,14.8418,0.999023,0,0.0556641,0.0556641
370,1.48164e-51,0.117039,5000,1,14.832,1,0,0.0410156,0.0410156
371,1.48019e-51,0.117054,5000,1,14.833,1,0,0.0498047,0.0498047
372,1.48019e-51,0.117054,5000,1,14.793,1,0,0.0380859,0.0380859
373,1.48164e-51,0.117039,5000,1,14.8252,1,0,0.0537109,0.0537109
374,1.48164e-51,0.117039,5000,1,14.8438,1,0,0.0615234,0.0615234
375,1.47875e-51,0.117088,5000,0.999023,14.8496,0.999023,0,0.0332031,0.0332031
376,1.48164e-51,0.117039,5000,1,14.8252,1,0,0.0488281,0.0488281
377,1.4773e-51,0.117103,5000,0.999023,14.8291,0.999023,0,0.0507812,0.0507812
378,1.48019e-51,0.117054,5000,1,14.8428,1,0,0.0546875,0.0546875
379,1.48164e-51,0.117039,5000,1,14.8652,1,0,0.0498047,0.0498047
380,1.48164e-51,0.117039,5000,1,14.8623,1,0,0.0439453,0.0439453
381,1.48164e-51,0.117039,5000,1,14.8721,1,0,0.0478516,0.0478516
382,1.48019e-51,0.117073,5000,0.999023,14.9111,0.999023,0,0.0380859,0.0380859
383,1.48164e-51,0.117039,5000,1,14.9346,1,0,0.0585938,0.0585938
384,1.48164e-51,0.117039,5000,1,14.9268,1,0,0.0537109,0.0537109
385,1.48019e-51,0.117054,5000,1,14.8799,1,0,0.0449219,0.0449219
386,1.47875e-51,0.117088,5000,0.999023,14.8916,0.999023,0,0.046875,0.046875
387,1.48164e-51,0.117039,5000,1,14.876,1,0,0.0585938,0.0585938
388,1.48164e-51,0.117039,5000,1,14.8535,1,0,0.0507812,0.0507812
389,1.48164e-51,0.117039,5000,1,14.8125,1,0,0.0488281,0.0488281
390,1.48019e-51,0.117054,5000,1,14.8252,1,0,0.0527344,0.0527344
391,1.48164e-51,0.117039,5000,1,14.8174,1,0,0.0507812,0.0507812
392,1.48164e-51,0.117039,5000,1,14.8545,1,0,0.0488281,0.0488281
393,1.48019e-51,0.117081,5000,1,14.8516,1,0,0.046875,0.046875
394,1.48164e-51,0.117039,5000,1,14.8496,1,0,0.0546875,0.0546875
395,1.48164e-51,0.117039,5000,1,14.8428,1,0,0.0419922,0.0419922
396,1.48164e-51,0.117039,5000,1,14.8682,1,0,0.046875,0.046875
397,1.48019e-51,0.117073,5000,0.999023,14.8721,0.999023,0,0.0488281,0.0488281
398,1.48164e-51,0.117039,5000,1,14.876,1,0,0.0556641,0.0556641
399,1.48019e-51,0.117073,5000,0.999023,14.8896,0.999023,0,0.0507812,0.0507812
400,1.48164e-51,0.117039,5000,1,14.8672,1,0,0.0507812,0.0507812
401,1.48164e-51,0.117039,5000,1,14.8662,1,0,0.0556641,0.0556641
402,1.47875e-51,0.117108,5000,0.998047,14.8584,0.998047,0,0.0498047,0.0498047
403,1.48019e-51,0.117073,5000,0.999023,14.8877,0.999023,0,0.0654297,0.0654297
404,1.48164e-51,0.117039,5000,1,14.9053,1,0,0.0595703,0.0595703
405,1.47875e-51,0.117088,5000,0.999023,14.9277,0.999023,0,0.0488281,0.0488281
406,1.48164e-51,0.117039,5000,1,14.9346,1,0,0.0537109,0.0537109
407,1.47875e-51,0.117116,5000,1,14.9443,1,0.000976562,0.0429688,0.0429688
408,1.48164e-51,0.117039,5000,1,14.918,1,0,0.0419922,0.0419922
409,1.48164e-51,0.117039,5000,1,14.9102,1,0,0.0537109,0.0537109
410,1.4773e-51,0.117123,5000,0.999023,14.9023,0.998047,0.000976562,0.0625,0.0625
411,1.48164e-51,0.117039,5000,1,14.8311,1,0,0.0429688,0.0429688
412,1.48164e-51,0.117039,5000,1,14.834,1,0,0.0585938,0.0585938
413,1.48019e-51,0.117054,5000,1,14.8604,1,0,0.0449219,0.0449219
414,1.48019e-51,0.117054,5000,1,14.8701,1,0,0.0517578,0.0517578
415,1.48164e-51,0.117039,5000,1,14.8916,1,0,0.0410156,0.0410156
416,1.48164e-51,0.117039,5000,1,14.9258,1,0,0.0400391,0.0400391
417,1.47875e-51,0.117095,5000,0.999023,14.9014,0.999023,0,0.0449219,0.0449219
418,1.48164e-51,0.117039,5000,1,14.8779,1,0,0.0498047,0.0498047
419,1.48164e-51,0.117039,5000,1,14.9033,1,0,0.0498047,0.0498047
420,1.48164e-51,0.117039,5000,1,14.9062,1,0,0.0517578,0.0517578
421,1.48164e-51,0.117039,5000,1,14.9316,1,0,0.0332031,0.0332031
422,1.47875e-51,0.117103,5000,1,14.9541,1,0,0.0546875,0.0546875
423,1.48164e-51,0.117039,5000,1,14.9502,1,0,0.0478516,0.0478516
424,1.48164e-51,0.117039,5000,1,14.9434,1,0,0.0322266,0.0322266
425,1.48019e-51,0.117073,5000,1,14.9902,0.999023,0.000976562,0.0537109,0.0537109
426,1.48075e-51,0.11704,5000,1,15.0391,1,0,0.0546875,0.0546875
427,1.48164e-51,0.117039,5000,1,15.0566,1,0,0.0458984,0.0458984
428,1.48164e-51,0.117039,5000,1,15.0645,1,0,0.0546875,0.0546875
429,1.48164e-51,0.117039,5000,1,15.0713,1,0,0.0371094,0.0371094
430,1.48019e-51,0.117073,5000,1,15.0576,0.999023,0.000976562,0.0458984,0.0458984
431,1.48164e-51,0.117039,5000,1,15.1475,1,0,0.0439453,0.0439453
432,1.48164e-51,0.117039,5000,1,15.1455,1,0,0.0371094,0.0371094
433,1.48019e-51,0.117073,5000,0.999023,15.1758,0.999023,0,0.0341797,0.0341797
434,1.48164e-51,0.117039,5000,1,15.1377,1,0,0.0527344,0.0527344
435,1.48164e-51,0.117039,5000,1,15.1406,1,0,0.0517578,0.0517578
436,1.48164e-51,0.117039,5000,1,15.1387,1,0,0.0537109,0.0537109
437,1.48164e-51,0.117039,5000,1,15.1211,1,0,0.0556641,0.0556641
438,1.48164e-51,0.117039,5000,1,15.0186,1,0,0.0537109,0.0537109
439,1.48019e-51,0.117054,5000,1,14.9961,1,0,0.0566406,0.0566406
440,1.48164e-51,0.117039,5000,1,15.0117,1,0,0.0498047,0.0498047
441,1.47875e-51,0.117088,5000,0.999023,15.0293,0.999023,0,0.0390625,0.0390625
442,1.48164e-51,0.117039,5000,1,15.043,1,0,0.046875,0.046875
443,1.48019e-51,0.117073,5000,0.999023,15.0488,0.999023,0,0.0439453,0.0439453
444,1.48019e-51,0.117073,5000,0.999023,15.04,0.999023,0,0.0498047,0.0498047
445,1.48164e-51,0.117039,5000,1,15.0254,1,0,0.0390625,0.0390625
446,1.48019e-51,0.117081,5000,1,15.1191,1,0,0.0546875,0.0546875
447,1.48164e-51,0.117039,5000,1,15.1533,1,0,0.0361328,0.0361328
448,1.48164e-51,0.117039,5000,1,15.166,1,0,0.0517578,0.0517578
449,1.47875e-51,0.117088,5000,1,15.165,0.999023,0.000976562,0.0488281,0.0488281
450,1.48164e-51,0.117039,5000,1,15.0898,1,0,0.0566406,0.0566406
451,1.48164e-51,0.117039,5000,1,15.0273,1,0,0.0439453,0.0439453
452,1.48019e-51,0.117073,5000,1,15.0332,0.999023,0.000976562,0.0634766,0.0634766
453,1.48019e-51,0.117073,5000,1,15.002,0.999023,0.000976562,0.046875,0.046875
454,1.48164e-51,0.117039,5000,1,15.043,1,0,0.0556641,0.0556641
455,1.48164e-51,0.117039,5000,1,15.0312,1,0,0.03125,0.03125
456,1.48019e-51,0.117054,5000,1,15.0576,1,0,0.0361328,0.0361328
457,1.48019e-51,0.117073,5000,1,15.0361,0.999023,0.000976562,0.0498047,0.0498047
458,1.48164e-51,0.117039,5000,1,14.958,1,0,0.0585938,0.0585938
459,1.48164e-51,0.117039,5000,1,14.9521,1,0,0.0419922,0.0419922
460,1.48019e-51,0.117073,5000,0.999023,14.96,0.999023,0,0.0458984,0.0458984
461,1.48164e-51,0.117039,5000,1,14.9512,1,0,0.0478516,0.0478516
462,1.48164e-51,0.117039,5000,1,14.9287,1,0,0.0517578,0.0517578
463,1.48164e-51,0.117039,5000,1,14.9229,1,0,0.0478516,0.0478516
464,1.48164e-51,0.117039,5000,1,14.9414,1,0,0.0527344,0.0527344
465,1.48019e-51,0.117054,5000,1,14.9355,1,0,0.0419922,0.0419922
466,1.48164e-51,0.117039,5000,1,14.9141,1,0,0.0605469,0.0605469
467,1.48164e-51,0.117039,5000,1,14.9336,1,0,0.046875,0.046875
468,1.48164e-51,0.117039,5000,1,14.9307,1,0,0.0537109,0.0537109
469,1.47875e-51,0.117088,5000,1,14.9092,0.999023,0.000976562,0.0478516,0.0478516
470,1.48164e-51,0.117039,5000,1,14.8857,1,0,0.0537109,0.0537109
471,1.48019e-51,0.117054,5000,1,14.8535,1,0,0.0429688,0.0429688
472,1.48164e-51,0.117039,5000,1,14.7979,1,0,0.0458984,0.0458984
473,1.48019e-51,0.117054,5000,1,14.8467,1,0,0.0507812,0.0507812
474,1.48164e-51,0.117039,5000,1,14.834,1,0,0.046875,0.046875
475,1.48164e-51,0.117039,5000,1,14.8096,1,0,0.0517578,0.0517578
476,1.48164e-51,0.117039,5000,1,14.834,1,0,0.0566406,0.0566406
477,1.48164e-51,0.117039,5000,1,14.8311,1,0,0.046875,0.046875
478,1.48019e-51,0.117073,5000,1,14.7891,0.999023,0.000976562,0.0585938,0.0585938
479,1.47875e-51,0.117116,5000,0.999023,14.8643,0.999023,0,0.0410156,0.0410156
480,1.48019e-51,0.117073,5000,0.999023,14.8936,0.999023,0,0.0517578,0.0517578
481,1.48019e-51,0.117073,5000,0.999023,14.8818,0.999023,0,0.0429688,0.0429688
482,1.48019e-51,0.117054,5000,1,14.8945,1,0,0.0517578,0.0517578
483,1.48164e-51,0.117039,5000,1,14.96,1,0,0.0507812,0.0507812
484,1.48164e-51,0.117039,5000,1,14.9785,1,0,0.0566406,0.0566406
485,1.47876e-51,0.117078,5000,1,15.0283,1,0,0.0498047,0.0498047
486,1.48164e-51,0.117039,5000,1,15.0391,1,0,0.0419922,0.0419922
487,1.48019e-51,0.117073,5000,0.999023,15.0439,0.999023,0,0.0498047,0.0498047
488,1.48019e-51,0.117073,5000,0.999023,15.0693,0.999023,0,0.0439453,0.0439453
489,1.48164e-51,0.117039,5000,1,15.083,1,0,0.0449219,0.0449219
490,1.48164e-51,0.117039,5000,1,15.124,1,0,0.0488281,0.0488281
491,1.48164e-51,0.117039,5000,1,15.1797,1,0,0.0566406,0.0566406
492,1.48019e-51,0.117073,5000,0.999023,15.1729,0.999023,0,0.0410156,0.0410156
493,1.48019e-51,0.117054,5000,1,15.1865,1,0,0.0478516,0.0478516
494,1.47875e-51,0.117088,5000,0.999023,15.1768,0.999023,0,0.0498047,0.0498047
495,1.48164e-51,0.117039,5000,1,15.1729,1,0,0.0605469,0.0605469
496,1.48164e-51,0.117039,5000,1,15.1777,1,0,0.0517578,0.0517578
497,1.48019e-51,0.117073,5000,1,15.1943,0.999023,0.000976562,0.0498047,0.0498047
498,1.48019e-51,0.117073,5000,1,15.1914,0.999023,0.000976562,0.0439453,0.0439453
499,1.48019e-51,0.117067,5000,1.00098,15.2354,1,0.000976562,0.0429688,0.0429688
500,1.48019e-51,0.117054,5000,1.00098,15.207,1,0.000976562,0.0410156,0.0410156
501,1.48164e-51,0.117039,5000,1.00098,15.209,1,0.000976562,0.0400391,0.0400391
502,1.48019e-51,0.117073,5000,1,15.1875,0.999023,0.000976562,0.0517578,0.0517578
503,1.48164e-51,0.117039,5000,1.00293,15.1934,1,0.00292969,0.0556641,0.0556641
504,1.47875e-51,0.117088,5000,1.00195,15.1738,0.999023,0.00292969,0.0439453,0.0439453
505,1.48164e-51,0.117039,5000,1.00195,15.1709,1,0.00195312,0.0380859,0.0380859
506,1.48164e-51,0.117039,5000,1.00195,15.165,1,0.00195312,0.0478516,0.0478516
507,1.48164e-51,0.117039,5000,1.00293,15.1973,1,0.00292969,0.0439453,0.0439453
508,1.48164e-51,0.117039,5000,1.00781,15.1523,1,0.0078125,0.0576172,0.0576172
509,1.48164e-51,0.117039,5000,1.01074,15.1465,1,0.0107422,0.0380859,0.0380859
510,1.48164e-51,0.117039,5000,1.0127,15.1641,1,0.0126953,0.0449219,0.0449219
511,1.48164e-51,0.117039,5000,1.01562,15.1826,1,0.015625,0.0576172,0.0576172
512,1.48164e-51,0.117039,5000,1.01562,15.1924,1,0.015625,0.0429688,0.0429688
513,1.48019e-51,0.117073,5000,1.01172,15.1709,0.999023,0.0126953,0.0537109,0.0537109
514,1.48164e-51,0.117039,5000,1.01465,15.165,1,0.0146484,0.0585938,0.0585938
515,1.48164e-51,0.117039,5000,1.01562,15.1318,1,0.015625,0.0546875,0.0546875
516,1.48164e-51,0.117039,5000,1.01367,15.0742,1,0.0136719,0.0488281,0.0488281
517,1.48164e-51,0.117039,5000,1.01562,15.0918,1,0.015625,0.0576172,0.0576172
518,1.48164e-51,0.117039,5000,1.01562,15.1318,1,0.015625,0.0527344,0.0527344
519,1.48164e-51,0.117039,5000,1.0127,15.2129,1,0.0126953,0.0742188,0.0742188
520,1.48164e-51,0.117039,5000,1.01172,15.2139,1,0.0117188,0.0605469,0.0605469
521,1.48164e-51,0.117039,5000,1.01074,15.2324,1,0.0107422,0.0585938,0.0585938
522,1.48164e-51,0.117039,5000,1.01172,15.2432,1,0.0117188,0.0576172,0.0576172
523,1.48164e-51,0.117039,5000,1.0127,15.1865,1,0.0126953,0.0595703,0.0595703
524,1.48019e-51,0.117061,5000,1.0127,15.2178,1,0.0126953,0.046875,0.046875
525,1.48019e-51,0.117073,5000,1.01367,15.2148,0.999023,0.0146484,0.0566406,0.0566406
526,1.48019e-51,0.117054,5000,1.01855,15.2422,1,0.0185547,0.046875,0.046875
527,1.48019e-51,0.117073,5000,1.01855,15.2285,0.999023,0.0195312,0.0537109,0.0537109
528,1.48164e-51,0.117039,5000,1.01562,15.1846,1,0.015625,0.0585938,0.0585938
529,1.48164e-51,0.117039,5000,1.01562,15.1592,1,0.015625,0.0488281,0.0488281
530,1.48164e-51,0.117039,5000,1.0166,15.1611,1,0.0166016,0.046875,0.046875
531,1.48164e-51,0.117039,5000,1.01562,15.1787,1,0.015625,0.0507812,0.0507812
532,1.48164e-51,0.117039,5000,1.02441,15.1895,1,0.0244141,0.0419922,0.0419922
533,1.48164e-51,0.117039,5000,1.02539,15.2051,1,0.0253906,0.0390625,0.0390625
534,1.48164e-51,0.117039,5000,1.02148,15.1914,1,0.0214844,0.0449219,0.0449219
535,1.48019e-51,0.117073,5000,1.01758,15.1445,0.999023,0.0185547,0.0566406,0.0566406
536,1.48019e-51,0.117054,5000,1.01758,15.1016,1,0.0175781,0.046875,0.046875
537,1.48164e-51,0.117039,5000,1.02246,15.1133,1,0.0224609,0.0556641,0.0556641
538,1.48164e-51,0.117039,5000,1.02246,15.1016,1,0.0224609,0.0683594,0.0683594
539,1.48019e-51,0.117073,5000,1.02441,15.0889,0.999023,0.0253906,0.0517578,0.0517578
540,1.48164e-51,0.117039,5000,1.03223,15.1377,1,0.0322266,0.0390625,0.0390625
541,1.48164e-51,0.117039,5000,1.02832,15.1367,1,0.0283203,0.0576172,0.0576172
542,1.48164e-51,0.117039,5000,1.02051,15.1504,1,0.0205078,0.0439453,0.0439453
543,1.48164e-51,0.117039,5000,1.02344,15.1768,1,0.0234375,0.046875,0.046875
544,1.48164e-51,0.117039,5000,1.02441,15.2012,1,0.0244141,0.0351562,0.0351562
545,1.48164e-51,0.117039,5000,1.02637,15.167,1,0.0263672,0.0498047,0.0498047
546,1.47785e-51,0.117109,5000,1.03027,15.1387,0.998047,0.0322266,0.0507812,0.0507812
547,1.48164e-51,0.117039,5000,1.0293,15.126,1,0.0292969,0.046875,0.046875
548,1.48019e-51,0.117054,5000,1.03613,15.1572,1,0.0361328,0.0585938,0.0585938
549,1.48164e-51,0.117039,5000,1.03809,15.1455,1,0.0380859,0.0478516,0.0478516
550,1.48019e-51,0.117068,5000,1.03809,15.1748,1,0.0380859,0.0400391,0.0400391
551,1.48019e-51,0.117054,5000,1.03613,15.166,1,0.0361328,0.0429688,0.0429688
552,1.48019e-51,0.117073,5000,1.03418,15.2158,0.999023,0.0351562,0.0390625,0.0390625
553,1.48164e-51,0.117039,5000,1.03418,15.1875,1,0.0341797,0.0419922,0.0419922
554,1.48164e-51,0.117039,5000,1.0332,15.2207,1,0.0332031,0.0507812,0.0507812
555,1.48019e-51,0.117073,5000,1.03711,15.2529,0.999023,0.0380859,0.0507812,0.0507812
556,1.48164e-51,0.117039,5000,1.03516,15.2549,1,0.0351562,0.0527344,0.0527344
557,1.48019e-51,0.117073,5000,1.03809,15.2285,0.999023,0.0390625,0.0537109,0.0537109
558,1.47551e-51,0.117144,5000,1.03125,15.248,0.99707,0.0341797,0.0498047,0.0498047
559,1.47696e-51,0.117071,5000,1.02734,15.2607,1,0.0273438,0.0634766,0.0634766
560,1.48075e-51,0.11704,5000,1.02344,15.2812,1,0.0234375,0.0585938,0.0585938
561,1.47985e-51,0.117041,5000,1.01855,15.2188,1,0.0185547,0.0439453,0.0439453
562,1.47785e-51,0.117104,5000,1.02148,15.2373,0.999023,0.0224609,0.0566406,0.0566406
563,1.47785e-51,0.117117,5000,1.01758,15.2627,0.999023,0.0185547,0.0458984,0.0458984
564,1.48164e-51,0.117039,5000,1.01855,15.2441,1,0.0185547,0.0380859,0.0380859
565,1.48164e-51,0.117039,5000,1.01367,15.2549,1,0.0136719,0.0517578,0.0517578
566,1.48075e-51,0.11704,5000,1.0127,15.2578,1,0.0126953,0.0566406,0.0566406
567,1.48019e-51,0.117073,5000,1.01465,15.2559,0.999023,0.015625,0.0615234,0.0615234
568,1.48019e-51,0.117054,5000,1.0127,15.2432,1,0.0126953,0.0595703,0.0595703
569,1.48164e-51,0.117039,5000,1.0166,15.2529,1,0.0166016,0.0341797,0.0341797
570,1.48164e-51,0.117039,5000,1.01172,15.2285,1,0.0117188,0.0527344,0.0527344
571,1.4793e-51,0.117074,5000,1.01074,15.2266,0.999023,0.0117188,0.0449219,0.0449219
572,1.4784e-51,0.117056,5000,1.00781,15.2178,1,0.0078125,0.0449219,0.0449219
573,1.48075e-51,0.11704,5000,1.00977,15.1953,1,0.00976562,0.046875,0.046875
574,1.48164e-51,0.117039,5000,1.01074,15.207,1,0.0107422,0.0488281,0.0488281
575,1.48019e-51,0.117061,5000,1.01074,15.1602,1,0.0107422,0.0439453,0.0439453
576,1.48164e-51,0.117039,5000,1.01562,15.1465,1.00098,0.0146484,0.0449219,0.0449219
577,1.48019e-51,0.117054,5000,1.01562,15.1689,1,0.015625,0.0605469,0.0605469
578,1.48164e-51,0.117039,5000,1.0166,15.1689,1,0.0166016,0.0449219,0.0449219
579,1.48164e-51,0.117039,5000,1.01758,15.1826,1,0.0175781,0.0478516,0.0478516
580,1.48075e-51,0.11704,5000,1.02051,15.209,1,0.0205078,0.0488281,0.0488281
581,1.4793e-51,0.117055,5000,1.01855,15.1533,1,0.0185547,0.0644531,0.0644531
582,1.48164e-51,0.117039,5000,1.02051,15.1748,1,0.0205078,0.0478516,0.0478516
583,1.48164e-51,0.117039,5000,1.02441,15.1914,1,0.0244141,0.0332031,0.0332031
584,1.48019e-51,0.117054,5000,1.01953,15.2119,1,0.0195312,0.0517578,0.0517578
585,1.48164e-51,0.117039,5000,1.02344,15.1377,1,0.0234375,0.0371094,0.0371094
586,1.47875e-51,0.117108,5000,1.01855,15.1699,0.998047,0.0205078,0.0654297,0.0654297
587,1.48164e-51,0.117039,5000,1.02441,15.1797,1,0.0244141,0.0507812,0.0507812
588,1.48019e-51,0.117073,5000,1.02344,15.1602,0.999023,0.0244141,0.0332031,0.0332031
589,1.48164e-51,0.117039,5000,1.02637,15.1504,1,0.0263672,0.0605469,0.0605469
590,1.48019e-51,0.117054,5000,1.02344,15.1602,1,0.0234375,0.046875,0.046875
591,1.48075e-51,0.11704,5000,1.02246,15.1582,1,0.0224609,0.0507812,0.0507812
592,1.48164e-51,0.117039,5000,1.02832,15.1582,1,0.0283203,0.03125,0.03125
593,1.47875e-51,0.117088,5000,1.02344,15.1475,0.999023,0.0244141,0.0429688,0.0429688
594,1.48164e-51,0.117039,5000,1.02246,15.1387,1,0.0224609,0.0439453,0.0439453
595,1.47875e-51,0.117069,5000,1.03223,15.1758,1,0.0322266,0.0576172,0.0576172
596,1.48164e-51,0.117039,5000,1.02832,15.2178,1,0.0283203,0.046875,0.046875
597,1.48164e-51,0.117039,5000,1.02832,15.2207,1,0.0283203,0.0576172,0.0576172
598,1.48164e-51,0.117039,5000,1.02246,15.1875,1,0.0224609,0.0517578,0.0517578
599,1.48164e-51,0.117039,5000,1.01953,15.1846,1,0.0195312,0.0400391,0.0400391
600,1.48164e-51,0.117039,5000,1.02344,15.1914,1,0.0234375,0.0517578,0.0517578
601,1.48019e-51,0.117061,5000,1.01855,15.2158,1,0.0185547,0.0507812,0.0507812
602,1.48164e-51,0.117039,5000,1.01562,15.252,1,0.015625,0.0585938,0.0585938
603,1.48164e-51,0.117039,5000,1.0127,15.2568,1,0.0126953,0.0400391,0.0400391
604,1.48019e-51,0.117054,5000,1.0127,15.3086,1,0.0126953,0.0644531,0.0644531
605,1.48164e-51,0.117039,5000,1.00879,15.3076,1,0.00878906,0.0419922,0.0419922
606,1.48164e-51,0.117039,5000,1.00977,15.3086,1,0.00976562,0.0400391,0.0400391
607,1.48019e-51,0.117054,5000,1.01562,15.3223,1,0.015625,0.0537109,0.0537109
608,1.48164e-51,0.117039,5000,1.01758,15.3184,1,0.0175781,0.0498047,0.0498047
609,1.48164e-51,0.117039,5000,1.02051,15.335,1,0.0205078,0.0537109,0.0537109
610,1.48164e-51,0.117039,5000,1.02051,15.3857,1,0.0205078,0.0537109,0.0537109
611,1.47875e-51,0.117108,5000,1.01855,15.3662,0.998047,0.0205078,0.0703125,0.0703125
612,1.47875e-51,0.117088,5000,1.02832,15.375,0.999023,0.0292969,0.0390625,0.0390625
613,1.48164e-51,0.117039,5000,1.02051,15.3594,1,0.0205078,0.0449219,0.0449219
614,1.48164e-51,0.117039,5000,1.02051,15.3535,1,0.0205078,0.0546875,0.0546875
615,1.48164e-51,0.117039,5000,1.02148,15.3555,1,0.0214844,0.0488281,0.0488281
616,1.48164e-51,0.117039,5000,1.02148,15.3135,1,0.0214844,0.0507812,0.0507812
617,1.47875e-51,0.117083,5000,1.02051,15.2881,1,0.0205078,0.0605469,0.0605469
618,1.48164e-51,0.117039,5000,1.02637,15.29,1,0.0263672,0.0517578,0.0517578
619,1.48164e-51,0.117039,5000,1.02344,15.2861,1,0.0234375,0.0507812,0.0507812
620,1.48019e-51,0.117054,5000,1.02051,15.2598,1,0.0205078,0.0507812,0.0507812
621,1.48164e-51,0.117039,5000,1.01855,15.251,1,0.0185547,0.0351562,0.0351562
622,1.48019e-51,0.117054,5000,1.01562,15.2461,1,0.015625,0.0488281,0.0488281
623,1.48164e-51,0.117039,5000,1.02148,15.252,1,0.0214844,0.0615234,0.0615234
624,1.48164e-51,0.117039,5000,1.02441,15.2275,1,0.0244141,0.0478516,0.0478516
625,1.48164e-51,0.117039,5000,1.02441,15.2197,1,0.0244141,0.0478516,0.0478516
626,1.48164e-51,0.117039,5000,1.02441,15.2422,1,0.0244141,0.0498047,0.0498047
627,1.48164e-51,0.117039,5000,1.02441,15.251,1,0.0244141,0.0507812,0.0507812
628,1.48164e-51,0.117039,5000,1.02734,15.2568,1,0.0273438,0.0449219,0.0449219
629,1.47876e-51,0.117059,5000,1.02637,15.2539,1.00098,0.0253906,0.0585938,0.0585938
630,1.48164e-51,0.117039,5000,1.02539,15.2549,1,0.0253906,0.0664062,0.0664062
631,1.48019e-51,0.117073,5000,1.02539,15.2373,0.999023,0.0263672,0.0419922,0.0419922
632,1.48019e-51,0.117054,5000,1.01953,15.2637,1,0.0195312,0.0488281,0.0488281
633,1.48164e-51,0.117039,5000,1.02148,15.2598,1,0.0214844,0.0498047,0.0498047
634,1.48019e-51,0.117073,5000,1.02148,15.2812,0.999023,0.0224609,0.0566406,0.0566406
635,1.48164e-51,0.117039,5000,1.01855,15.3164,1,0.0185547,0.0439453,0.0439453
636,1.48019e-51,0.117054,5000,1.02344,15.3311,1,0.0234375,0.0488281,0.0488281
637,1.48164e-51,0.117039,5000,1.02734,15.3525,1,0.0273438,0.0400391,0.0400391
638,1.48164e-51,0.117039,5000,1.03027,15.3682,1,0.0302734,0.0400391,0.0400391
639,1.48164e-51,0.117039,5000,1.04102,15.4209,1,0.0410156,0.0605469,0.0605469
640,1.48164e-51,0.117039,5000,1.04297,15.4268,1,0.0429688,0.0478516,0.0478516
641,1.48164e-51,0.117039,5000,1.03809,15.3779,1,0.0380859,0.0458984,0.0458984
642,1.48164e-51,0.117039,5000,1.03906,15.4033,1,0.0390625,0.0556641,0.0556641
643,1.4773e-51,0.117123,5000,1.04199,15.4414,0.998047,0.0439453,0.0458984,0.0458984
644,1.48019e-51,0.117054,5000,1.04199,15.4268,1,0.0419922,0.0458984,0.0458984
645,1.48164e-51,0.117039,5000,1.03711,15.4404,1,0.0371094,0.0585938,0.0585938
646,1.47875e-51,0.117088,5000,1.03711,15.417,0.999023,0.0380859,0.0546875,0.0546875
647,1.48164e-51,0.117039,5000,1.03906,15.4238,1,0.0390625,0.0400391,0.0400391
648,1.48019e-51,0.117054,5000,1.04102,15.4131,1,0.0410156,0.0478516,0.0478516
649,1.48164e-51,0.117039,5000,1.03613,15.4062,1,0.0361328,0.0498047,0.0498047
650,1.4773e-51,0.117137,5000,1.03418,15.3936,0.998047,0.0361328,0.0498047,0.0498047
651,1.48164e-51,0.117039,5000,1.04102,15.4033,1,0.0410156,0.0576172,0.0576172
652,1.48019e-51,0.117061,5000,1.03223,15.3691,1,0.0322266,0.0595703,0.0595703
653,1.48019e-51,0.117068,5000,1.03223,15.373,1,0.0322266,0.0556641,0.0556641
654,1.48019e-51,0.117073,5000,1.0332,15.4111,0.999023,0.0341797,0.0507812,0.0507812
655,1.48164e-51,0.117039,5000,1.03613,15.4141,1,0.0361328,0.046875,0.046875
656,1.48164e-51,0.117039,5000,1.03516,15.416,1,0.0351562,0.0556641,0.0556641
657,1.48164e-51,0.117039,5000,1.03125,15.4121,1,0.03125,0.0371094,0.0371094
658,1.48019e-51,0.117054,5000,1.03711,15.3984,1,0.0371094,0.0634766,0.0634766
659,1.48164e-51,0.117039,5000,1.04102,15.4307,1,0.0410156,0.0478516,0.0478516
660,1.48019e-51,0.117054,5000,1.04883,15.4414,1,0.0488281,0.0390625,0.0390625
661,1.48164e-51,0.117039,5000,1.04492,15.4395,1,0.0449219,0.0449219,0.0449219
662,1.48019e-51,0.117073,5000,1.04395,15.4424,1,0.0449219,0.0644531,0.0644531
663,1.48164e-51,0.117039,5000,1.04883,15.4932,1,0.0488281,0.0546875,0.0546875
664,1.48019e-51,0.117054,5000,1.04102,15.4023,1,0.0410156,0.046875,0.046875
665,1.48019e-51,0.117054,5000,1.04004,15.3584,1,0.0400391,0.0322266,0.0322266
666,1.48164e-51,0.117039,5000,1.03809,15.3809,1,0.0380859,0.0537109,0.0537109
667,1.48019e-51,0.117054,5000,1.03809,15.3643,1,0.0380859,0.0566406,0.0566406
668,1.47785e-51,0.11707,5000,1.04199,15.4102,1,0.0419922,0.0615234,0.0615234
669,1.48164e-51,0.117039,5000,1.03809,15.3936,1,0.0380859,0.0683594,0.0683594
670,1.48019e-51,0.117054,5000,1.03223,15.3857,1,0.0322266,0.0527344,0.0527344
671,1.48164e-51,0.117039,5000,1.03809,15.3945,1,0.0380859,0.046875,0.046875
672,1.4773e-51,0.117123,5000,1.03516,15.3291,0.998047,0.0371094,0.0458984,0.0458984
673,1.47875e-51,0.117069,5000,1.03027,15.3281,1,0.0302734,0.0498047,0.0498047
674,1.48164e-51,0.117039,5000,1.03418,15.3555,1.00098,0.0332031,0.046875,0.046875
675,1.48164e-51,0.117039,5000,1.03125,15.3486,1.00098,0.0302734,0.0605469,0.0605469
676,1.48164e-51,0.117039,5000,1.03125,15.3398,1,0.03125,0.0478516,0.0478516
677,1.48164e-51,0.117039,5000,1.03906,15.2812,1,0.0390625,0.0458984,0.0458984
678,1.47641e-51,0.117092,5000,1.04297,15.293,1,0.0429688,0.0556641,0.0556641
679,1.48164e-51,0.117039,5000,1.04199,15.2578,1,0.0419922,0.0410156,0.0410156
680,1.4802e-51,0.117044,5000,1.04199,15.2432,1.00098,0.0410156,0.0429688,0.0429688
681,1.48164e-51,0.117039,5000,1.04395,15.2637,1,0.0439453,0.0410156,0.0410156
682,1.48019e-51,0.117054,5000,1.04688,15.3467,1,0.046875,0.0595703,0.0595703
683,1.48019e-51,0.117054,5000,1.03906,15.3184,1,0.0390625,0.0585938,0.0585938
684,1.4793e-51,0.117074,5000,1.04199,15.2793,0.999023,0.0429688,0.0498047,0.0498047
685,1.4793e-51,0.117082,5000,1.04883,15.2559,1,0.0488281,0.0488281,0.0488281
686,1.4793e-51,0.117074,5000,1.04102,15.251,0.999023,0.0419922,0.0419922,0.0419922
687,1.48019e-51,0.117054,5000,1.04102,15.3174,1,0.0410156,0.0595703,0.0595703
688,1.48164e-51,0.117039,5000,1.04199,15.2979,1,0.0419922,0.0517578,0.0517578
689,1.48019e-51,0.117054,5000,1.05176,15.3057,1,0.0517578,0.0517578,0.0517578
690,1.48164e-51,0.117039,5000,1.05664,15.3203,1,0.0566406,0.0449219,0.0449219
691,1.48019e-51,0.117073,5000,1.06836,15.3232,0.999023,0.0693359,0.0546875,0.0546875
692,1.48164e-51,0.117039,5000,1.08008,15.3525,1,0.0800781,0.0556641,0.0556641
693,1.48164e-51,0.117039,5000,1.08496,15.335,1,0.0849609,0.0507812,0.0507812
694,1.48164e-51,0.117039,5000,1.08594,15.3242,1,0.0859375,0.0517578,0.0517578
695,1.48164e-51,0.117039,5000,1.08984,15.293,1,0.0898438,0.0703125,0.0703125
696,1.4773e-51,0.117131,5000,1.0791,15.2666,0.999023,0.0800781,0.0546875,0.0546875
697,1.48019e-51,0.117054,5000,1.09082,15.252,1,0.0908203,0.0507812,0.0507812
698,1.47875e-51,0.117088,5000,1.08105,15.2236,0.999023,0.0820312,0.0449219,0.0449219
699,1.48164e-51,0.117039,5000,1.08594,15.2334,1,0.0859375,0.046875,0.046875
700,1.48164e-51,0.117039,5000,1.08301,15.2754,1,0.0830078,0.0537109,0.0537109
701,1.48164e-51,0.117039,5000,1.08887,15.2695,1,0.0888672,0.0458984,0.0458984
702,1.48164e-51,0.117039,5000,1.08203,15.2793,1,0.0820312,0.0625,0.0625
703,1.48164e-51,0.117039,5000,1.08594,15.2803,1,0.0859375,0.0537109,0.0537109
704,1.48164e-51,0.117039,5000,1.09375,15.2588,1,0.09375,0.0517578,0.0517578
705,1.48019e-51,0.117081,5000,1.09668,15.2969,1,0.0966797,0.0527344,0.0527344
706,1.48164e-51,0.117039,5000,1.09473,15.2588,1,0.0947266,0.0429688,0.0429688
707,1.48164e-51,0.117039,5000,1.10059,15.2246,1.00098,0.0996094,0.0429688,0.0429688
708,1.48164e-51,0.117039,5000,1.09766,15.1865,1,0.0976562,0.0410156,0.0410156
709,1.48164e-51,0.117039,5000,1.10742,15.1875,1,0.107422,0.0478516,0.0478516
710,1.48164e-51,0.117039,5000,1.10156,15.208,1,0.101562,0.0429688,0.0429688
711,1.48019e-51,0.117054,5000,1.09668,15.2041,1,0.0966797,0.0527344,0.0527344
712,1.48164e-51,0.117039,5000,1.08691,15.1836,1,0.0869141,0.0498047,0.0498047
713,1.48019e-51,0.117054,5000,1.09863,15.1768,1,0.0986328,0.0419922,0.0419922
714,1.48164e-51,0.117039,5000,1.0918,15.207,1,0.0917969,0.0507812,0.0507812
715,1.48019e-51,0.117054,5000,1.10352,15.25,1,0.103516,0.0517578,0.0517578
716,1.48164e-51,0.117039,5000,1.09961,15.249,1,0.0996094,0.0478516,0.0478516
717,1.48164e-51,0.117039,5000,1.09961,15.25,1,0.0996094,0.0488281,0.0488281
718,1.48019e-51,0.117054,5000,1.0957,15.2549,1,0.0957031,0.0595703,0.0595703
719,1.48164e-51,0.117039,5000,1.0918,15.2031,1,0.0917969,0.0644531,0.0644531
720,1.48164e-51,0.117039,5000,1.09375,15.2324,1,0.09375,0.0507812,0.0507812
721,1.48019e-51,0.117054,5000,1.09375,15.2197,1,0.09375,0.0498047,0.0498047
722,1.48019e-51,0.117068,5000,1.09375,15.2305,1,0.09375,0.0429688,0.0429688
723,1.47875e-51,0.117108,5000,1.09863,15.1924,0.998047,0.100586,0.0488281,0.0488281
724,1.48019e-51,0.117073,5000,1.0918,15.1582,0.999023,0.0927734,0.0341797,0.0341797
725,1.47875e-51,0.117088,5000,1.10254,15.1543,0.999023,0.103516,0.0371094,0.0371094
726,1.48019e-51,0.117073,5000,1.08789,15.1436,0.999023,0.0888672,0.0498047,0.0498047
727,1.48164e-51,0.117039,5000,1.08203,15.125,1,0.0820312,0.0371094,0.0371094
728,1.48019e-51,0.117073,5000,1.08203,15.1279,0.999023,0.0830078,0.0517578,0.0517578
729,1.4773e-51,0.117084,5000,1.08203,15.083,1,0.0820312,0.0507812,0.0507812
730,1.48019e-51,0.117073,5000,1.0918,15.1064,0.999023,0.0927734,0.0507812,0.0507812
731,1.48164e-51,0.117039,5000,1.08398,15.1279,1,0.0839844,0.0371094,0.0371094
732,1.48019e-51,0.117073,5000,1.0791,15.0977,0.999023,0.0800781,0.0419922,0.0419922
733,1.48164e-51,0.117039,5000,1.08203,15.1064,1,0.0820312,0.0439453,0.0439453
734,1.47875e-51,0.117089,5000,1.07812,15.0879,1,0.078125,0.0429688,0.0429688
735,1.48019e-51,0.117073,5000,1.07031,15.1318,1,0.0712891,0.046875,0.046875
736,1.48164e-51,0.117039,5000,1.07031,15.1914,1,0.0703125,0.0507812,0.0507812
737,1.48164e-51,0.117039,5000,1.06738,15.2041,1,0.0673828,0.0585938,0.0585938
738,1.48164e-51,0.117039,5000,1.07031,15.2646,1,0.0703125,0.0566406,0.0566406
739,1.48075e-51,0.11704,5000,1.08203,15.3359,1,0.0820312,0.0478516,0.0478516
740,1.48075e-51,0.11704,5000,1.08594,15.3613,1,0.0859375,0.0566406,0.0566406
741,1.48075e-51,0.11704,5000,1.09082,15.3594,1,0.0908203,0.0527344,0.0527344
742,1.48075e-51,0.11704,5000,1.0957,15.3164,1,0.0957031,0.0576172,0.0576172
743,1.47875e-51,0.117108,5000,1.11523,15.3398,0.998047,0.117188,0.0507812,0.0507812
744,1.48019e-51,0.117073,5000,1.1123,15.3125,0.999023,0.113281,0.046875,0.046875
745,1.47875e-51,0.117108,5000,1.08691,15.2402,0.998047,0.0888672,0.0566406,0.0566406
746,1.48164e-51,0.117039,5000,1.08496,15.2109,1,0.0849609,0.0605469,0.0605469
747,1.48019e-51,0.117061,5000,1.0791,15.1396,1,0.0791016,0.0546875,0.0546875
748,1.48164e-51,0.117039,5000,1.08398,15.168,1,0.0839844,0.0498047,0.0498047
749,1.48019e-51,0.117073,5000,1.08105,15.1621,0.999023,0.0820312,0.0478516,0.0478516
750,1.48164e-51,0.117039,5000,1.08496,15.1631,1,0.0849609,0.0585938,0.0585938
751,1.48019e-51,0.117073,5000,1.08691,15.1816,0.999023,0.0878906,0.0371094,0.0371094
752,1.48164e-51,0.117039,5000,1.08789,15.1631,1,0.0878906,0.0410156,0.0410156
753,1.48019e-51,0.117054,5000,1.09082,15.1484,1,0.0908203,0.0498047,0.0498047
754,1.48164e-51,0.117039,5000,1.08594,15.1748,1,0.0859375,0.0439453,0.0439453
755,1.47875e-51,0.117102,5000,1.0752,15.1914,0.999023,0.0761719,0.0449219,0.0449219
756,1.48019e-51,0.117073,5000,1.0791,15.1709,0.999023,0.0800781,0.0615234,0.0615234
757,1.48164e-51,0.117039,5000,1.08105,15.1787,1,0.0810547,0.0478516,0.0478516
758,1.48164e-51,0.117039,5000,1.07617,15.1924,1,0.0761719,0.0566406,0.0566406
759,1.48164e-51,0.117039,5000,1.0752,15.2266,1,0.0751953,0.046875,0.046875
760,1.48019e-51,0.117054,5000,1.07422,15.2666,1,0.0742188,0.0742188,0.0742188
761,1.48164e-51,0.117039,5000,1.0791,15.2734,1,0.0791016,0.0595703,0.0595703
762,1.47875e-51,0.117116,5000,1.05957,15.2969,0.999023,0.0605469,0.0546875,0.0546875
763,1.48164e-51,0.117039,5000,1.05566,15.2695,1,0.0556641,0.0527344,0.0527344
764,1.48019e-51,0.117081,5000,1.05762,15.2324,1,0.0576172,0.0488281,0.0488281
765,1.47875e-51,0.117108,5000,1.06348,15.2061,0.999023,0.0644531,0.046875,0.046875
766,1.48164e-51,0.117039,5000,1.06348,15.2168,1,0.0634766,0.0498047,0.0498047
767,1.48164e-51,0.117039,5000,1.0625,15.2598,1,0.0625,0.0439453,0.0439453
768,1.48019e-51,0.117073,5000,1.06641,15.2285,0.999023,0.0673828,0.0498047,0.0498047
769,1.48164e-51,0.117039,5000,1.07227,15.2061,1,0.0722656,0.0488281,0.0488281
770,1.48075e-51,0.11704,5000,1.08105,15.2324,1,0.0810547,0.0498047,0.0498047
771,1.48164e-51,0.117039,5000,1.0752,15.25,1,0.0751953,0.0517578,0.0517578
772,1.47875e-51,0.117108,5000,1.06836,15.2139,0.999023,0.0703125,0.0380859,0.0380859
773,1.48164e-51,0.117039,5000,1.07617,15.2598,1,0.0761719,0.0566406,0.0566406
774,1.48164e-51,0.117039,5000,1.08301,15.2783,1,0.0830078,0.0527344,0.0527344
775,1.48164e-51,0.117039,5000,1.07812,15.2725,1,0.078125,0.0371094,0.0371094
776,1.48164e-51,0.117039,5000,1.06836,15.2568,1,0.0683594,0.0410156,0.0410156
777,1.48164e-51,0.117039,5000,1.0791,15.2686,1,0.0791016,0.0439453,0.0439453
778,1.48075e-51,0.11704,5000,1.07617,15.248,1,0.0761719,0.0507812,0.0507812
779,1.48019e-51,0.117054,5000,1.07031,15.2637,1,0.0703125,0.0380859,0.0380859
780,1.48019e-51,0.117054,5000,1.0791,15.293,1,0.0791016,0.0488281,0.0488281
781,1.4773e-51,0.117103,5000,1.08203,15.2432,0.999023,0.0830078,0.0605469,0.0605469
782,1.48164e-51,0.117039,5000,1.08691,15.2236,1,0.0869141,0.0527344,0.0527344
783,1.48164e-51,0.117039,5000,1.08301,15.1992,1,0.0830078,0.0439453,0.0439453
784,1.48164e-51,0.117039,5000,1.07617,15.2129,1,0.0761719,0.0605469,0.0605469
785,1.48164e-51,0.117039,5000,1.08105,15.1807,1,0.0810547,0.0517578,0.0517578
786,1.48164e-51,0.117039,5000,1.09375,15.2021,1,0.09375,0.0498047,0.0498047
787,1.48019e-51,0.117073,5000,1.08984,15.2002,1,0.0908203,0.0498047,0.0498047
788,1.48164e-51,0.117039,5000,1.09863,15.1484,1,0.0986328,0.0644531,0.0644531
789,1.47875e-51,0.117069,5000,1.09375,15.1445,1,0.09375,0.0429688,0.0429688
790,1.48164e-51,0.117039,5000,1.10449,15.1992,1,0.104492,0.0498047,0.0498047
791,1.48164e-51,0.117039,5000,1.0918,15.1504,1,0.0917969,0.0537109,0.0537109
792,1.48164e-51,0.117039,5000,1.09473,15.1562,1,0.0947266,0.0527344,0.0527344
793,1.48164e-51,0.117039,5000,1.09863,15.1455,1,0.0986328,0.0478516,0.0478516
794,1.48164e-51,0.117039,5000,1.0918,15.1348,1,0.0917969,0.0527344,0.0527344
795,1.47875e-51,0.117088,5000,1.09473,15.1104,0.999023,0.0957031,0.0595703,0.0595703
796,1.47875e-51,0.117088,5000,1.08691,15.1045,0.999023,0.0878906,0.046875,0.046875
797,1.48164e-51,0.117039,5000,1.08887,15.1377,1,0.0888672,0.0546875,0.0546875
798,1.48164e-51,0.117039,5000,1.08984,15.085,1,0.0898438,0.0556641,0.0556641
799,1.47875e-51,0.117088,5000,1.09766,15.0898,0.999023,0.0986328,0.0439453,0.0439453
800,1.47875e-51,0.117088,5000,1.08789,15.1182,0.999023,0.0888672,0.0537109,0.0537109
801,1.48019e-51,0.117073,5000,1.0957,15.0928,0.999023,0.0966797,0.0390625,0.0390625
802,1.48019e-51,0.117061,5000,1.10352,15.0723,1,0.103516,0.0429688,0.0429688
803,1.48019e-51,0.117073,5000,1.09082,15.0576,0.999023,0.0917969,0.0507812,0.0507812
804,1.48164e-51,0.117039,5000,1.09082,15.0527,1,0.0908203,0.0498047,0.0498047
805,1.48164e-51,0.117039,5000,1.08203,15.0586,1,0.0820312,0.0449219,0.0449219
806,1.48019e-51,0.117073,5000,1.08398,15.0479,0.999023,0.0849609,0.0566406,0.0566406
807,1.48019e-51,0.117054,5000,1.08789,15.0879,1,0.0878906,0.0458984,0.0458984
808,1.48164e-51,0.117039,5000,1.08398,15.0537,1,0.0839844,0.0439453,0.0439453
809,1.48019e-51,0.117054,5000,1.08594,15.0449,1,0.0859375,0.0517578,0.0517578
810,1.48164e-51,0.117039,5000,1.08984,14.9971,1,0.0898438,0.0625,0.0625
811,1.48075e-51,0.11704,5000,1.09375,14.9893,1,0.09375,0.0498047,0.0498047
812,1.4793e-51,0.117074,5000,1.09668,14.9971,0.999023,0.0976562,0.0507812,0.0507812
813,1.48164e-51,0.117039,5000,1.08887,14.9668,1,0.0888672,0.0566406,0.0566406
814,1.48164e-51,0.117039,5000,1.10156,14.9648,1,0.101562,0.0429688,0.0429688
815,1.48164e-51,0.117039,5000,1.11133,14.9678,1,0.111328,0.0605469,0.0605469
816,1.48164e-51,0.117039,5000,1.12207,14.9502,1,0.12207,0.0410156,0.0410156
817,1.48164e-51,0.117039,5000,1.11133,14.8955,1,0.111328,0.0683594,0.0683594
818,1.4793e-51,0.117074,5000,1.11719,14.9131,0.999023,0.118164,0.0546875,0.0546875
819,1.47875e-51,0.117069,5000,1.14258,14.9219,1,0.142578,0.0585938,0.0585938
820,1.48164e-51,0.117039,5000,1.14551,14.9561,1,0.145508,0.0527344,0.0527344
821,1.48164e-51,0.117039,5000,1.1582,14.9814,1,0.158203,0.0488281,0.0488281
822,1.48164e-51,0.117039,5000,1.14648,14.9697,1,0.146484,0.0488281,0.0488281
823,1.48164e-51,0.117039,5000,1.15234,14.9736,1,0.152344,0.0576172,0.0576172
824,1.48019e-51,0.117054,5000,1.14844,14.9697,1,0.148438,0.0371094,0.0371094
825,1.48164e-51,0.117039,5000,1.14648,14.9258,1,0.146484,0.0527344,0.0527344
826,1.48019e-51,0.117073,5000,1.15039,14.9707,0.999023,0.151367,0.0507812,0.0507812
827,1.48164e-51,0.117039,5000,1.15723,14.9561,1,0.157227,0.0439453,0.0439453
828,1.48019e-51,0.117073,5000,1.16699,14.9229,0.999023,0.167969,0.0566406,0.0566406
829,1.48164e-51,0.117039,5000,1.16797,14.9375,1,0.167969,0.0449219,0.0449219
830,1.48164e-51,0.117039,5000,1.16211,14.9092,1,0.162109,0.0439453,0.0439453
831,1.48164e-51,0.117039,5000,1.16992,14.9785,1,0.169922,0.0537109,0.0537109
832,1.48164e-51,0.117039,5000,1.16992,14.9697,1,0.169922,0.0615234,0.0615234
833,1.48019e-51,0.117073,5000,1.15918,14.998,0.999023,0.160156,0.0556641,0.0556641
834,1.48019e-51,0.117073,5000,1.16895,15.0215,0.999023,0.169922,0.0390625,0.0390625
835,1.48164e-51,0.117039,5000,1.18066,15.002,1,0.180664,0.0546875,0.0546875
836,1.48019e-51,0.117073,5000,1.16602,15.0381,0.999023,0.166992,0.046875,0.046875
837,1.48164e-51,0.117039,5000,1.16016,15.0596,1,0.160156,0.0351562,0.0351562
838,1.48164e-51,0.117039,5000,1.14453,15.0078,1,0.144531,0.0527344,0.0527344
839,1.48019e-51,0.117054,5000,1.14648,14.999,1,0.146484,0.0439453,0.0439453
840,1.48164e-51,0.117039,5000,1.14746,15.002,1,0.147461,0.0488281,0.0488281
841,1.48164e-51,0.117039,5000,1.16309,15.0088,1,0.163086,0.0351562,0.0351562
842,1.48164e-51,0.117039,5000,1.16016,15.0107,1,0.160156,0.0488281,0.0488281
843,1.48164e-51,0.117039,5000,1.17871,14.9883,1,0.178711,0.0605469,0.0605469
844,1.48164e-51,0.117039,5000,1.17383,14.9805,1,0.173828,0.0419922,0.0419922
845,1.48164e-51,0.117039,5000,1.16406,14.957,1,0.164062,0.0517578,0.0517578
846,1.48164e-51,0.117039,5000,1.18066,14.9805,1,0.180664,0.0390625,0.0390625
847,1.48164e-51,0.117039,5000,1.19043,14.9668,1,0.19043,0.046875,0.046875
848,1.48164e-51,0.117039,5000,1.19531,14.9404,1,0.195312,0.0605469,0.0605469
849,1.48019e-51,0.117054,5000,1.18359,14.9062,1,0.183594,0.0400391,0.0400391
850,1.48019e-51,0.117073,5000,1.19141,14.9287,0.999023,0.192383,0.046875,0.046875
851,1.48075e-51,0.11704,5000,1.20215,14.9404,1,0.202148,0.0517578,0.0517578
852,1.48019e-51,0.117054,5000,1.20898,15.0059,1,0.208984,0.0371094,0.0371094
853,1.48019e-51,0.117054,5000,1.20801,14.9873,1,0.208008,0.0556641,0.0556641
854,1.48164e-51,0.117039,5000,1.20703,14.9639,1,0.207031,0.0439453,0.0439453
855,1.48019e-51,0.117061,5000,1.21582,14.9844,1,0.21582,0.0488281,0.0488281
856,1.48164e-51,0.117039,5000,1.21191,14.9229,1,0.211914,0.0507812,0.0507812
857,1.4773e-51,0.117123,5000,1.20801,14.9492,0.998047,0.209961,0.0527344,0.0527344
858,1.48019e-51,0.117054,5000,1.20801,14.9092,1,0.208008,0.0517578,0.0517578
859,1.48164e-51,0.117039,5000,1.21191,14.9121,1,0.211914,0.0429688,0.0429688
860,1.48164e-51,0.117039,5000,1.2041,14.8994,1,0.204102,0.0419922,0.0419922
861,1.48164e-51,0.117039,5000,1.20996,14.8828,1,0.209961,0.0507812,0.0507812
862,1.47875e-51,0.117108,5000,1.21094,14.8633,0.998047,0.212891,0.0439453,0.0439453
863,1.48164e-51,0.117039,5000,1.2041,14.8262,1,0.204102,0.0419922,0.0419922
864,1.48164e-51,0.117039,5000,1.18945,14.8027,1,0.189453,0.0390625,0.0390625
865,1.48019e-51,0.117073,5000,1.17871,14.8057,0.999023,0.179688,0.0625,0.0625
866,1.48164e-51,0.117039,5000,1.16699,14.7852,1,0.166992,0.0498047,0.0498047
867,1.48019e-51,0.117073,5000,1.17188,14.792,0.999023,0.172852,0.0488281,0.0488281
868,1.48019e-51,0.117054,5000,1.16211,14.749,1,0.162109,0.0419922,0.0419922
869,1.48164e-51,0.117039,5000,1.17383,14.7607,1,0.173828,0.0546875,0.0546875
870,1.47875e-51,0.117088,5000,1.16406,14.7793,0.999023,0.165039,0.0478516,0.0478516
871,1.48019e-51,0.117073,5000,1.15918,14.7979,0.999023,0.160156,0.0449219,0.0449219
872,1.47875e-51,0.117108,5000,1.16211,14.8018,0.998047,0.164062,0.0488281,0.0488281
873,1.47875e-51,0.117088,5000,1.15039,14.7412,0.999023,0.151367,0.0527344,0.0527344
874,1.47875e-51,0.117108,5000,1.1416,14.7402,0.998047,0.143555,0.0458984,0.0458984
875,1.48164e-51,0.117039,5000,1.14844,14.7773,1,0.148438,0.0576172,0.0576172
876,1.48164e-51,0.117039,5000,1.13867,14.7705,1,0.138672,0.0634766,0.0634766
877,1.48019e-51,0.117067,5000,1.12402,14.7236,1,0.124023,0.0488281,0.0488281
878,1.48164e-51,0.117039,5000,1.12012,14.7227,1,0.120117,0.0449219,0.0449219
879,1.48019e-51,0.117073,5000,1.11621,14.7109,0.999023,0.117188,0.0527344,0.0527344
880,1.48164e-51,0.117039,5000,1.12012,14.7207,1,0.120117,0.046875,0.046875
881,1.47875e-51,0.117069,5000,1.11914,14.75,1,0.119141,0.0517578,0.0517578
882,1.48019e-51,0.117054,5000,1.12109,14.7607,1,0.121094,0.0585938,0.0585938
883,1.47875e-51,0.117083,5000,1.11719,14.7188,1,0.117188,0.046875,0.046875
884,1.48164e-51,0.117039,5000,1.12207,14.7354,1,0.12207,0.0478516,0.0478516
885,1.48019e-51,0.117054,5000,1.12305,14.7607,1,0.123047,0.0615234,0.0615234
886,1.48019e-51,0.117073,5000,1.11426,14.7598,0.999023,0.115234,0.0478516,0.0478516
887,1.48164e-51,0.117039,5000,1.1084,14.752,1,0.108398,0.0449219,0.0449219
888,1.48164e-51,0.117039,5000,1.1123,14.7393,1,0.112305,0.0449219,0.0449219
889,1.48164e-51,0.117039,5000,1.10547,14.7578,1,0.105469,0.0429688,0.0429688
890,1.48164e-51,0.117039,5000,1.0918,14.7148,1,0.0917969,0.0458984,0.0458984
891,1.48164e-51,0.117039,5000,1.08496,14.7373,1,0.0849609,0.0507812,0.0507812
892,1.48164e-51,0.117039,5000,1.08496,14.7334,1,0.0849609,0.0478516,0.0478516
893,1.48164e-51,0.117039,5000,1.08203,14.7002,1,0.0820312,0.046875,0.046875
894,1.48164e-51,0.117039,5000,1.0957,14.6895,1,0.0957031,0.0556641,0.0556641
895,1.47875e-51,0.117069,5000,1.09766,14.751,1,0.0976562,0.0488281,0.0488281
896,1.48164e-51,0.117039,5000,1.0957,14.7637,1,0.0957031,0.0400391,0.0400391
897,1.48075e-51,0.11704,5000,1.0957,14.8008,1,0.0957031,0.0410156,0.0410156
898,1.48164e-51,0.117039,5000,1.09668,14.792,1,0.0966797,0.0419922,0.0419922
899,1.48164e-51,0.117039,5000,1.0957,14.8096,1,0.0957031,0.0419922,0.0419922
900,1.48164e-51,0.117039,5000,1.09473,14.8203,1,0.0947266,0.0449219,0.0449219
901,1.47875e-51,0.117088,5000,1.09277,14.8232,0.999023,0.09375,0.0546875,0.0546875
902,1.48019e-51,0.117073,5000,1.09473,14.792,0.999023,0.0957031,0.0654297,0.0654297
903,1.48075e-51,0.11704,5000,1.10352,14.7861,1,0.103516,0.0517578,0.0517578
904,1.48164e-51,0.117039,5000,1.10254,14.7637,1,0.102539,0.0429688,0.0429688
905,1.48164e-51,0.117039,5000,1.09473,14.7314,1,0.0947266,0.046875,0.046875
906,1.48019e-51,0.117054,5000,1.08789,14.7803,1,0.0878906,0.0556641,0.0556641
907,1.48164e-51,0.117039,5000,1.09375,14.8096,1,0.09375,0.0429688,0.0429688
908,1.48164e-51,0.117039,5000,1.09473,14.834,1,0.0947266,0.0537109,0.0537109
909,1.48019e-51,0.117073,5000,1.08008,14.7773,0.999023,0.0810547,0.0488281,0.0488281
910,1.48164e-51,0.117039,5000,1.09375,14.8135,1,0.09375,0.0615234,0.0615234
911,1.48164e-51,0.117039,5000,1.08691,14.834,1,0.0869141,0.0634766,0.0634766
912,1.48019e-51,0.117054,5000,1.08008,14.8223,1,0.0800781,0.0566406,0.0566406
913,1.48164e-51,0.117039,5000,1.07812,14.8691,1,0.078125,0.0458984,0.0458984
914,1.48164e-51,0.117039,5000,1.06934,14.8281,1,0.0693359,0.0429688,0.0429688
915,1.48019e-51,0.117073,5000,1.06348,14.7949,0.999023,0.0644531,0.046875,0.046875
916,1.48019e-51,0.117054,5000,1.06738,14.8438,1,0.0673828,0.0429688,0.0429688
917,1.48164e-51,0.117039,5000,1.06738,14.8457,1,0.0673828,0.0507812,0.0507812
918,1.48164e-51,0.117039,5000,1.08398,14.8779,1,0.0839844,0.0546875,0.0546875
919,1.4793e-51,0.117074,5000,1.08203,14.8877,0.999023,0.0830078,0.0478516,0.0478516
920,1.48164e-51,0.117039,5000,1.08496,14.8877,1,0.0849609,0.0595703,0.0595703
921,1.47875e-51,0.117108,5000,1.08691,14.9219,0.998047,0.0888672,0.0498047,0.0498047
922,1.48019e-51,0.117054,5000,1.08496,14.8662,1,0.0849609,0.0517578,0.0517578
923,1.48019e-51,0.117054,5000,1.08008,14.8643,1,0.0800781,0.0517578,0.0517578
924,1.48164e-51,0.117039,5000,1.08008,14.8984,1,0.0800781,0.0498047,0.0498047
925,1.48164e-51,0.117039,5000,1.08008,14.9082,1,0.0800781,0.0449219,0.0449219
926,1.48019e-51,0.117073,5000,1.07324,14.9072,0.999023,0.0742188,0.0449219,0.0449219
927,1.48164e-51,0.117039,5000,1.06836,14.8896,1,0.0683594,0.0673828,0.0673828
928,1.48019e-51,0.117073,5000,1.07031,14.918,0.999023,0.0712891,0.0371094,0.0371094
929,1.48164e-51,0.117039,5000,1.06836,14.9648,1,0.0683594,0.0439453,0.0439453
930,1.48164e-51,0.117039,5000,1.06934,14.9775,1,0.0693359,0.046875,0.046875
931,1.48164e-51,0.117039,5000,1.06738,15.0186,1,0.0673828,0.0546875,0.0546875
932,1.48164e-51,0.117039,5000,1.06055,15.04,1,0.0605469,0.0517578,0.0517578
933,1.48164e-51,0.117039,5000,1.06738,15.0918,1,0.0673828,0.0439453,0.0439453
934,1.47875e-51,0.117088,5000,1.07617,15.1123,0.999023,0.0771484,0.0537109,0.0537109
935,1.48164e-51,0.117039,5000,1.07617,15.1084,1,0.0761719,0.0449219,0.0449219
936,1.48019e-51,0.117073,5000,1.06152,15.0557,0.999023,0.0625,0.0400391,0.0400391
937,1.48164e-51,0.117039,5000,1.06934,15.0635,1,0.0693359,0.0507812,0.0507812
938,1.48164e-51,0.117039,5000,1.06641,15.0273,1,0.0664062,0.0458984,0.0458984
939,1.48164e-51,0.117039,5000,1.06445,14.999,1,0.0644531,0.0458984,0.0458984
940,1.48164e-51,0.117039,5000,1.06543,14.9951,1,0.0654297,0.0361328,0.0361328
941,1.48019e-51,0.117073,5000,1.06543,15.0293,0.999023,0.0664062,0.046875,0.046875
942,1.48164e-51,0.117039,5000,1.06641,15.0361,1,0.0664062,0.0449219,0.0449219
943,1.48019e-51,0.117054,5000,1.06836,15.0752,1,0.0683594,0.0498047,0.0498047
944,1.48164e-51,0.117039,5000,1.0625,15.0186,1,0.0625,0.0449219,0.0449219
945,1.48164e-51,0.117039,5000,1.06738,15.0215,1,0.0673828,0.0498047,0.0498047
946,1.4773e-51,0.117143,5000,1.07129,15.0088,0.99707,0.0742188,0.0449219,0.0449219
947,1.48164e-51,0.117039,5000,1.06836,14.9463,1,0.0683594,0.0488281,0.0488281
948,1.48164e-51,0.117039,5000,1.06445,14.9258,1,0.0644531,0.0546875,0.0546875
949,1.48164e-51,0.117039,5000,1.06836,14.8857,1,0.0683594,0.046875,0.046875
950,1.48019e-51,0.117054,5000,1.06738,14.9004,1,0.0673828,0.0517578,0.0517578
951,1.48019e-51,0.117054,5000,1.07617,14.915,1,0.0761719,0.0458984,0.0458984
952,1.48164e-51,0.117039,5000,1.07617,14.9062,1,0.0761719,0.0380859,0.0380859
953,1.48164e-51,0.117039,5000,1.07227,14.9102,1,0.0722656,0.0507812,0.0507812
954,1.48019e-51,0.117054,5000,1.0752,14.9199,1,0.0751953,0.0488281,0.0488281
955,1.48019e-51,0.117054,5000,1.07227,14.8994,1,0.0722656,0.0439453,0.0439453
956,1.48164e-51,0.117039,5000,1.07129,14.9482,1,0.0712891,0.0507812,0.0507812
957,1.48164e-51,0.117039,5000,1.08203,14.9385,1,0.0820312,0.0585938,0.0585938
958,1.48164e-51,0.117039,5000,1.08398,14.9746,1,0.0839844,0.0400391,0.0400391
959,1.48019e-51,0.117073,5000,1.0957,15.002,0.999023,0.0966797,0.0537109,0.0537109
960,1.48019e-51,0.117073,5000,1.09082,15.0186,0.999023,0.0917969,0.0478516,0.0478516
961,1.48164e-51,0.117039,5000,1.10254,14.9609,1,0.102539,0.0419922,0.0419922
962,1.48164e-51,0.117039,5000,1.09863,14.9873,1,0.0986328,0.0712891,0.0712891
963,1.48164e-51,0.117039,5000,1.08984,15.0146,1,0.0898438,0.0390625,0.0390625
964,1.48164e-51,0.117039,5000,1.08398,15.0752,1,0.0839844,0.0458984,0.0458984
965,1.48019e-51,0.11705,5000,1.08691,15.0127,1.00098,0.0859375,0.0498047,0.0498047
966,1.48164e-51,0.117039,5000,1.08398,14.9727,1,0.0839844,0.0488281,0.0488281
967,1.48019e-51,0.117073,5000,1.09766,14.9648,0.999023,0.0986328,0.0390625,0.0390625
968,1.48164e-51,0.117039,5000,1.0957,14.9795,1,0.0957031,0.0566406,0.0566406
969,1.48164e-51,0.117039,5000,1.09961,15.0352,1,0.0996094,0.0410156,0.0410156
970,1.48019e-51,0.117073,5000,1.11035,15.1172,0.999023,0.111328,0.0498047,0.0498047
971,1.48164e-51,0.117039,5000,1.10156,15.0908,1,0.101562,0.0410156,0.0410156
972,1.48164e-51,0.117039,5000,1.10645,15.1279,1,0.106445,0.0537109,0.0537109
973,1.4773e-51,0.117143,5000,1.10742,15.1279,0.99707,0.110352,0.0361328,0.0361328
974,1.48164e-51,0.117039,5000,1.11816,15.2227,1,0.118164,0.0517578,0.0517578
975,1.48164e-51,0.117039,5000,1.125,15.1973,1,0.125,0.046875,0.046875
976,1.48164e-51,0.117039,5000,1.12207,15.2354,1,0.12207,0.0478516,0.0478516
977,1.47875e-51,0.117088,5000,1.11719,15.2285,0.999023,0.118164,0.0498047,0.0498047
978,1.48164e-51,0.117039,5000,1.12012,15.2461,1,0.120117,0.0429688,0.0429688
979,1.48019e-51,0.117054,5000,1.11133,15.2568,1,0.111328,0.0478516,0.0478516
980,1.48164e-51,0.117039,5000,1.1123,15.2051,1,0.112305,0.0498047,0.0498047
981,1.48019e-51,0.117073,5000,1.11426,15.1621,0.999023,0.115234,0.0644531,0.0644531
982,1.48019e-51,0.117054,5000,1.1123,15.1309,1,0.112305,0.0478516,0.0478516
983,1.48164e-51,0.117039,5000,1.10645,15.1387,1,0.106445,0.0449219,0.0449219
984,1.48019e-51,0.117054,5000,1.09863,15.083,1,0.0986328,0.0644531,0.0644531
985,1.48019e-51,0.117054,5000,1.10352,15.1523,1,0.103516,0.0556641,0.0556641
986,1.47875e-51,0.117069,5000,1.09863,15.1309,1,0.0986328,0.0439453,0.0439453
987,1.48164e-51,0.117039,5000,1.10449,15.1143,1,0.104492,0.0458984,0.0458984
988,1.48164e-51,0.117039,5000,1.10254,15.1182,1,0.102539,0.0419922,0.0419922
989,1.48164e-51,0.117039,5000,1.10938,15.0996,1,0.109375,0.0654297,0.0654297
990,1.48019e-51,0.117073,5000,1.10352,15.0664,0.999023,0.104492,0.0566406,0.0566406
991,1.48164e-51,0.117039,5000,1.0957,15.0596,1,0.0957031,0.0498047,0.0498047
992,1.48164e-51,0.117039,5000,1.09766,15.0459,1,0.0976562,0.046875,0.046875
993,1.48164e-51,0.117039,5000,1.09277,15.04,1,0.0927734,0.0576172,0.0576172
994,1.48164e-51,0.117039,5000,1.08496,14.9707,1,0.0849609,0.0488281,0.0488281
995,1.48075e-51,0.11704,5000,1.07617,14.9951,1,0.0761719,0.0527344,0.0527344
996,1.48019e-51,0.117054,5000,1.07422,14.9775,1,0.0742188,0.0458984,0.0458984
997,1.47875e-51,0.117088,5000,1.07715,15.0713,0.999023,0.078125,0.0537109,0.0537109
998,1.48164e-51,0.117039,5000,1.06445,15.0664,1,0.0644531,0.0390625,0.0390625
999,1.48164e-51,0.117039,5000,1.07324,15.0557,1,0.0732422,0.0537109,0.0537109
1000,1.48019e-51,0.117054,5000,1.08105,15.0498,1,0.0810547,0.0595703,0.0595703
